dispositif,volet,nombre_aides,nombre_entreprises,montant_total,reg,libelle_region,dep,libelle_departement,classe_effectif,libelle_classe_effectif
Fonds de solidarité,VOLET1,2349,702,5583642.00,84,Auvergne-Rhône-Alpes,01,Ain,00,0 salarié
Fonds de solidarité,VOLET1,10528,2992,32032515.00,84,Auvergne-Rhône-Alpes,01,Ain,01,1 ou 2 salariés
Fonds de solidarité,VOLET1,4042,1139,15882259.00,84,Auvergne-Rhône-Alpes,01,Ain,02,3 à 5 salariés
Fonds de solidarité,VOLET1,1183,339,5801968.00,84,Auvergne-Rhône-Alpes,01,Ain,03,6 à 9 salariés
Fonds de solidarité,VOLET1,483,148,4379947.00,84,Auvergne-Rhône-Alpes,01,Ain,11,10 à 19 salariés
Fonds de solidarité,VOLET1,94,45,2337104.00,84,Auvergne-Rhône-Alpes,01,Ain,12,20 à 49 salariés
Fonds de solidarité,VOLET1,1821,695,3954346.00,84,Auvergne-Rhône-Alpes,01,Ain,NN,Etablissement non employeur
Fonds de solidarité,VOLET1,2137,583,5163379.00,84,Auvergne-Rhône-Alpes,03,Allier,00,0 salarié
Fonds de solidarité,VOLET1,6502,1831,18681885.00,84,Auvergne-Rhône-Alpes,03,Allier,01,1 ou 2 salariés
Fonds de solidarité,VOLET1,1756,559,6404616.00,84,Auvergne-Rhône-Alpes,03,Allier,02,3 à 5 salariés
Fonds de solidarité,VOLET1,544,169,2665974.00,84,Auvergne-Rhône-Alpes,03,Allier,03,6 à 9 salariés
Fonds de solidarité,VOLET1,215,73,1798572.00,84,Auvergne-Rhône-Alpes,03,Allier,11,10 à 19 salariés
Fonds de solidarité,VOLET1,64,25,1310419.00,84,Auvergne-Rhône-Alpes,03,Allier,12,20 à 49 salariés
Fonds de solidarité,VOLET1,3399,1134,5324333.00,84,Auvergne-Rhône-Alpes,03,Allier,NN,Etablissement non employeur
Fonds de solidarité,VOLET1,4871,1177,14297790.00,84,Auvergne-Rhône-Alpes,07,Ardèche,00,0 salarié
Fonds de solidarité,VOLET1,7662,2092,23809354.00,84,Auvergne-Rhône-Alpes,07,Ardèche,01,1 ou 2 salariés
Fonds de solidarité,VOLET1,2102,648,8317407.00,84,Auvergne-Rhône-Alpes,07,Ardèche,02,3 à 5 salariés
Fonds de solidarité,VOLET1,521,155,2598525.00,84,Auvergne-Rhône-Alpes,07,Ardèche,03,6 à 9 salariés
Fonds de solidarité,VOLET1,141,53,1686942.00,84,Auvergne-Rhône-Alpes,07,Ardèche,11,10 à 19 salariés
Fonds de solidarité,VOLET1,44,18,1078171.00,84,Auvergne-Rhône-Alpes,07,Ardèche,12,20 à 49 salariés
Fonds de solidarité,VOLET1,5,3,71749.00,84,Auvergne-Rhône-Alpes,07,Ardèche,21,50 à 99 salariés
Fonds de solidarité,VOLET1,2901,831,4875730.00,84,Auvergne-Rhône-Alpes,07,Ardèche,NN,Etablissement non employeur
Fonds de solidarité,VOLET1,1276,343,3196069.00,84,Auvergne-Rhône-Alpes,15,Cantal,00,0 salarié
Fonds de solidarité,VOLET1,3547,1013,10932620.00,84,Auvergne-Rhône-Alpes,15,Cantal,01,1 ou 2 salariés
Fonds de solidarité,VOLET1,1019,301,4044403.00,84,Auvergne-Rhône-Alpes,15,Cantal,02,3 à 5 salariés
Fonds de solidarité,VOLET1,271,96,1107674.00,84,Auvergne-Rhône-Alpes,15,Cantal,03,6 à 9 salariés
Fonds de solidarité,VOLET1,110,32,894550.00,84,Auvergne-Rhône-Alpes,15,Cantal,11,10 à 19 salariés
Fonds de solidarité,VOLET1,21,10,372123.00,84,Auvergne-Rhône-Alpes,15,Cantal,12,20 à 49 salariés
Fonds de solidarité,VOLET1,3409,1171,5480305.00,84,Auvergne-Rhône-Alpes,15,Cantal,NN,Etablissement non employeur
Fonds de solidarité,VOLET1,5723,1518,14632216.00,84,Auvergne-Rhône-Alpes,26,Drôme,00,0 salarié
Fonds de solidarité,VOLET1,11730,3309,36122687.00,84,Auvergne-Rhône-Alpes,26,Drôme,01,1 ou 2 salariés
Fonds de solidarité,VOLET1,3905,1137,15127441.00,84,Auvergne-Rhône-Alpes,26,Drôme,02,3 à 5 salariés
Fonds de solidarité,VOLET1,1086,344,5476817.00,84,Auvergne-Rhône-Alpes,26,Drôme,03,6 à 9 salariés
Fonds de solidarité,VOLET1,457,152,3753320.00,84,Auvergne-Rhône-Alpes,26,Drôme,11,10 à 19 salariés
Fonds de solidarité,VOLET1,128,60,3481038.00,84,Auvergne-Rhône-Alpes,26,Drôme,12,20 à 49 salariés
Fonds de solidarité,VOLET1,7,4,401766.00,84,Auvergne-Rhône-Alpes,26,Drôme,21,50 à 99 salariés
Fonds de solidarité,VOLET1,4149,1155,6458117.00,84,Auvergne-Rhône-Alpes,26,Drôme,NN,Etablissement non employeur
Fonds de solidarité,VOLET1,2274,574,5710687.00,84,Auvergne-Rhône-Alpes,43,Haute-Loire,00,0 salarié
Fonds de solidarité,VOLET1,4959,1385,14952598.00,84,Auvergne-Rhône-Alpes,43,Haute-Loire,01,1 ou 2 salariés
Fonds de solidarité,VOLET1,1486,437,5607813.00,84,Auvergne-Rhône-Alpes,43,Haute-Loire,02,3 à 5 salariés
Fonds de solidarité,VOLET1,400,127,2092836.00,84,Auvergne-Rhône-Alpes,43,Haute-Loire,03,6 à 9 salariés
Fonds de solidarité,VOLET1,96,35,644992.00,84,Auvergne-Rhône-Alpes,43,Haute-Loire,11,10 à 19 salariés
Fonds de solidarité,VOLET1,39,14,970729.00,84,Auvergne-Rhône-Alpes,43,Haute-Loire,12,20 à 49 salariés
Fonds de solidarité,VOLET1,2178,682,3679411.00,84,Auvergne-Rhône-Alpes,43,Haute-Loire,NN,Etablissement non employeur
Fonds de solidarité,VOLET1,7813,2117,22811275.00,84,Auvergne-Rhône-Alpes,74,Haute-Savoie,00,0 salarié
Fonds de solidarité,VOLET1,17569,4897,61409706.00,84,Auvergne-Rhône-Alpes,74,Haute-Savoie,01,1 ou 2 salariés
Fonds de solidarité,VOLET1,8505,2301,41460226.00,84,Auvergne-Rhône-Alpes,74,Haute-Savoie,02,3 à 5 salariés
Fonds de solidarité,VOLET1,3540,963,24182752.00,84,Auvergne-Rhône-Alpes,74,Haute-Savoie,03,6 à 9 salariés
Fonds de solidarité,VOLET1,1855,552,20847415.00,84,Auvergne-Rhône-Alpes,74,Haute-Savoie,11,10 à 19 salariés
Fonds de solidarité,VOLET1,535,194,13655005.00,84,Auvergne-Rhône-Alpes,74,Haute-Savoie,12,20 à 49 salariés
Fonds de solidarité,VOLET1,46,25,3810426.00,84,Auvergne-Rhône-Alpes,74,Haute-Savoie,21,50 à 99 salariés
Fonds de solidarité,VOLET1,9,4,1333227.00,84,Auvergne-Rhône-Alpes,74,Haute-Savoie,22,100 à 199 salariés
Fonds de solidarité,VOLET1,9107,2498,17055919.00,84,Auvergne-Rhône-Alpes,74,Haute-Savoie,NN,Etablissement non employeur
Fonds de solidarité,VOLET1,10180,2861,24510584.00,84,Auvergne-Rhône-Alpes,38,Isère,00,0 salarié
Fonds de solidarité,VOLET1,24308,6851,74829367.00,84,Auvergne-Rhône-Alpes,38,Isère,01,1 ou 2 salariés
Fonds de solidarité,VOLET1,9116,2640,38534312.00,84,Auvergne-Rhône-Alpes,38,Isère,02,3 à 5 salariés
Fonds de solidarité,VOLET1,3012,860,17050433.00,84,Auvergne-Rhône-Alpes,38,Isère,03,6 à 9 salariés
Fonds de solidarité,VOLET1,1102,347,10907557.00,84,Auvergne-Rhône-Alpes,38,Isère,11,10 à 19 salariés
Fonds de solidarité,VOLET1,310,123,7342157.00,84,Auvergne-Rhône-Alpes,38,Isère,12,20 à 49 salariés
Fonds de solidarité,VOLET1,38,17,1336443.00,84,Auvergne-Rhône-Alpes,38,Isère,21,50 à 99 salariés
Fonds de solidarité,VOLET1,3,3,275819.00,84,Auvergne-Rhône-Alpes,38,Isère,22,100 à 199 salariés
Fonds de solidarité,VOLET1,9490,2665,17018235.00,84,Auvergne-Rhône-Alpes,38,Isère,NN,Etablissement non employeur
Fonds de solidarité,VOLET1,5547,1532,13105053.00,84,Auvergne-Rhône-Alpes,42,Loire,00,0 salarié
Fonds de solidarité,VOLET1,13979,3997,41117142.00,84,Auvergne-Rhône-Alpes,42,Loire,01,1 ou 2 salariés
Fonds de solidarité,VOLET1,4760,1476,17864481.00,84,Auvergne-Rhône-Alpes,42,Loire,02,3 à 5 salariés
Fonds de solidarité,VOLET1,1399,454,6792274.00,84,Auvergne-Rhône-Alpes,42,Loire,03,6 à 9 salariés
Fonds de solidarité,VOLET1,631,203,5017954.00,84,Auvergne-Rhône-Alpes,42,Loire,11,10 à 19 salariés
Fonds de solidarité,VOLET1,108,49,2819906.00,84,Auvergne-Rhône-Alpes,42,Loire,12,20 à 49 salariés
Fonds de solidarité,VOLET1,14,5,690626.00,84,Auvergne-Rhône-Alpes,42,Loire,21,50 à 99 salariés
Fonds de solidarité,VOLET1,5479,1563,8980515.00,84,Auvergne-Rhône-Alpes,42,Loire,NN,Etablissement non employeur
Fonds de solidarité,VOLET1,4821,1257,11922426.00,84,Auvergne-Rhône-Alpes,63,Puy-de-Dôme,00,0 salarié
Fonds de solidarité,VOLET1,12715,3471,38442897.00,84,Auvergne-Rhône-Alpes,63,Puy-de-Dôme,01,1 ou 2 salariés
Fonds de solidarité,VOLET1,4702,1362,19100987.00,84,Auvergne-Rhône-Alpes,63,Puy-de-Dôme,02,3 à 5 salariés
Fonds de solidarité,VOLET1,1495,440,7766948.00,84,Auvergne-Rhône-Alpes,63,Puy-de-Dôme,03,6 à 9 salariés
Fonds de solidarité,VOLET1,659,201,6284143.00,84,Auvergne-Rhône-Alpes,63,Puy-de-Dôme,11,10 à 19 salariés
Fonds de solidarité,VOLET1,150,57,2826786.00,84,Auvergne-Rhône-Alpes,63,Puy-de-Dôme,12,20 à 49 salariés
Fonds de solidarité,VOLET1,6,4,380301.00,84,Auvergne-Rhône-Alpes,63,Puy-de-Dôme,21,50 à 99 salariés
Fonds de solidarité,VOLET1,5009,1410,8615549.00,84,Auvergne-Rhône-Alpes,63,Puy-de-Dôme,NN,Etablissement non employeur
Fonds de solidarité,VOLET1,15997,4414,37413003.00,84,Auvergne-Rhône-Alpes,69,Rhône,00,0 salarié
Fonds de solidarité,VOLET1,39950,11123,119324799.00,84,Auvergne-Rhône-Alpes,69,Rhône,01,1 ou 2 salariés
Fonds de solidarité,VOLET1,15433,4367,63837429.00,84,Auvergne-Rhône-Alpes,69,Rhône,02,3 à 5 salariés
Fonds de solidarité,VOLET1,5380,1493,30443070.00,84,Auvergne-Rhône-Alpes,69,Rhône,03,6 à 9 salariés
Fonds de solidarité,VOLET1,2223,699,24347468.00,84,Auvergne-Rhône-Alpes,69,Rhône,11,10 à 19 salariés
Fonds de solidarité,VOLET1,595,243,14331930.00,84,Auvergne-Rhône-Alpes,69,Rhône,12,20 à 49 salariés
Fonds de solidarité,VOLET1,42,26,2795724.00,84,Auvergne-Rhône-Alpes,69,Rhône,21,50 à 99 salariés
Fonds de solidarité,VOLET1,11,7,721727.00,84,Auvergne-Rhône-Alpes,69,Rhône,22,100 à 199 salariés
Fonds de solidarité,VOLET1,7,3,10500.00,84,Auvergne-Rhône-Alpes,69,Rhône,42,1 000 à 1 999 salariés
Fonds de solidarité,VOLET1,12224,3406,21865869.00,84,Auvergne-Rhône-Alpes,69,Rhône,NN,Etablissement non employeur
Fonds de solidarité,VOLET1,5531,1502,15421831.00,84,Auvergne-Rhône-Alpes,73,Savoie,00,0 salarié
Fonds de solidarité,VOLET1,13308,3478,48027682.00,84,Auvergne-Rhône-Alpes,73,Savoie,01,1 ou 2 salariés
Fonds de solidarité,VOLET1,7208,1767,37800390.00,84,Auvergne-Rhône-Alpes,73,Savoie,02,3 à 5 salariés
Fonds de solidarité,VOLET1,3325,862,24785619.00,84,Auvergne-Rhône-Alpes,73,Savoie,03,6 à 9 salariés
Fonds de solidarité,VOLET1,1739,506,22062546.00,84,Auvergne-Rhône-Alpes,73,Savoie,11,10 à 19 salariés
Fonds de solidarité,VOLET1,488,177,12183556.00,84,Auvergne-Rhône-Alpes,73,Savoie,12,20 à 49 salariés
Fonds de solidarité,VOLET1,74,37,5306975.00,84,Auvergne-Rhône-Alpes,73,Savoie,21,50 à 99 salariés
Fonds de solidarité,VOLET1,20,11,2264500.00,84,Auvergne-Rhône-Alpes,73,Savoie,22,100 à 199 salariés
Fonds de solidarité,VOLET1,13127,3038,25627455.00,84,Auvergne-Rhône-Alpes,73,Savoie,NN,Etablissement non employeur
Fonds de solidarité,VOLET1,3423,952,8530236.00,27,Bourgogne-Franche-Comté,21,Côte-d'Or,00,0 salarié
Fonds de solidarité,VOLET1,8938,2511,28209050.00,27,Bourgogne-Franche-Comté,21,Côte-d'Or,01,1 ou 2 salariés
Fonds de solidarité,VOLET1,3538,1018,14764350.00,27,Bourgogne-Franche-Comté,21,Côte-d'Or,02,3 à 5 salariés
Fonds de solidarité,VOLET1,1264,334,7586090.00,27,Bourgogne-Franche-Comté,21,Côte-d'Or,03,6 à 9 salariés
Fonds de solidarité,VOLET1,536,177,6330643.00,27,Bourgogne-Franche-Comté,21,Côte-d'Or,11,10 à 19 salariés
Fonds de solidarité,VOLET1,163,59,3346639.00,27,Bourgogne-Franche-Comté,21,Côte-d'Or,12,20 à 49 salariés
Fonds de solidarité,VOLET1,13,6,927989.00,27,Bourgogne-Franche-Comté,21,Côte-d'Or,21,50 à 99 salariés
Fonds de solidarité,VOLET1,3199,958,5561954.00,27,Bourgogne-Franche-Comté,21,Côte-d'Or,NN,Etablissement non employeur
Fonds de solidarité,VOLET1,3065,815,7847237.00,27,Bourgogne-Franche-Comté,25,Doubs,00,0 salarié
Fonds de solidarité,VOLET1,8030,2321,24321293.00,27,Bourgogne-Franche-Comté,25,Doubs,01,1 ou 2 salariés
Fonds de solidarité,VOLET1,3129,867,13053904.00,27,Bourgogne-Franche-Comté,25,Doubs,02,3 à 5 salariés
Fonds de solidarité,VOLET1,1077,321,5607870.00,27,Bourgogne-Franche-Comté,25,Doubs,03,6 à 9 salariés
Fonds de solidarité,VOLET1,401,138,3378977.00,27,Bourgogne-Franche-Comté,25,Doubs,11,10 à 19 salariés
Fonds de solidarité,VOLET1,121,48,2858479.00,27,Bourgogne-Franche-Comté,25,Doubs,12,20 à 49 salariés
Fonds de solidarité,VOLET1,12,3,132183.00,27,Bourgogne-Franche-Comté,25,Doubs,21,50 à 99 salariés
Fonds de solidarité,VOLET1,2468,724,4185573.00,27,Bourgogne-Franche-Comté,25,Doubs,NN,Etablissement non employeur
Fonds de solidarité,VOLET1,1136,329,2693347.00,27,Bourgogne-Franche-Comté,70,Haute-Saône,00,0 salarié
Fonds de solidarité,VOLET1,3048,919,8976888.00,27,Bourgogne-Franche-Comté,70,Haute-Saône,01,1 ou 2 salariés
Fonds de solidarité,VOLET1,945,307,3382177.00,27,Bourgogne-Franche-Comté,70,Haute-Saône,02,3 à 5 salariés
Fonds de solidarité,VOLET1,329,115,1502632.00,27,Bourgogne-Franche-Comté,70,Haute-Saône,03,6 à 9 salariés
Fonds de solidarité,VOLET1,110,38,679684.00,27,Bourgogne-Franche-Comté,70,Haute-Saône,11,10 à 19 salariés
Fonds de solidarité,VOLET1,24,12,534933.00,27,Bourgogne-Franche-Comté,70,Haute-Saône,12,20 à 49 salariés
Fonds de solidarité,VOLET1,1385,415,2245332.00,27,Bourgogne-Franche-Comté,70,Haute-Saône,NN,Etablissement non employeur
Fonds de solidarité,VOLET1,1967,561,4666677.00,27,Bourgogne-Franche-Comté,39,Jura,00,0 salarié
Fonds de solidarité,VOLET1,4898,1371,15191721.00,27,Bourgogne-Franche-Comté,39,Jura,01,1 ou 2 salariés
Fonds de solidarité,VOLET1,1584,477,6540791.00,27,Bourgogne-Franche-Comté,39,Jura,02,3 à 5 salariés
Fonds de solidarité,VOLET1,526,158,2629473.00,27,Bourgogne-Franche-Comté,39,Jura,03,6 à 9 salariés
Fonds de solidarité,VOLET1,200,68,1753579.00,27,Bourgogne-Franche-Comté,39,Jura,11,10 à 19 salariés
Fonds de solidarité,VOLET1,72,27,1446486.00,27,Bourgogne-Franche-Comté,39,Jura,12,20 à 49 salariés
Fonds de solidarité,VOLET1,5,4,192649.00,27,Bourgogne-Franche-Comté,39,Jura,21,50 à 99 salariés
Fonds de solidarité,VOLET1,1693,477,3009367.00,27,Bourgogne-Franche-Comté,39,Jura,NN,Etablissement non employeur
Fonds de solidarité,VOLET1,1316,345,3480169.00,27,Bourgogne-Franche-Comté,58,Nièvre,00,0 salarié
Fonds de solidarité,VOLET1,3439,989,10398310.00,27,Bourgogne-Franche-Comté,58,Nièvre,01,1 ou 2 salariés
Fonds de solidarité,VOLET1,1104,343,4109930.00,27,Bourgogne-Franche-Comté,58,Nièvre,02,3 à 5 salariés
Fonds de solidarité,VOLET1,228,85,1115959.00,27,Bourgogne-Franche-Comté,58,Nièvre,03,6 à 9 salariés
Fonds de solidarité,VOLET1,131,43,992509.00,27,Bourgogne-Franche-Comté,58,Nièvre,11,10 à 19 salariés
Fonds de solidarité,VOLET1,33,14,704727.00,27,Bourgogne-Franche-Comté,58,Nièvre,12,20 à 49 salariés
Fonds de solidarité,VOLET1,1474,420,2479437.00,27,Bourgogne-Franche-Comté,58,Nièvre,NN,Etablissement non employeur
Fonds de solidarité,VOLET1,3641,968,9355945.00,27,Bourgogne-Franche-Comté,71,Saône-et-Loire,00,0 salarié
Fonds de solidarité,VOLET1,10528,2934,32567293.00,27,Bourgogne-Franche-Comté,71,Saône-et-Loire,01,1 ou 2 salariés
Fonds de solidarité,VOLET1,3389,1000,13425579.00,27,Bourgogne-Franche-Comté,71,Saône-et-Loire,02,3 à 5 salariés
Fonds de solidarité,VOLET1,836,274,4273627.00,27,Bourgogne-Franche-Comté,71,Saône-et-Loire,03,6 à 9 salariés
Fonds de solidarité,VOLET1,387,123,3784707.00,27,Bourgogne-Franche-Comté,71,Saône-et-Loire,11,10 à 19 salariés
Fonds de solidarité,VOLET1,135,57,2883083.00,27,Bourgogne-Franche-Comté,71,Saône-et-Loire,12,20 à 49 salariés
Fonds de solidarité,VOLET1,5,3,459946.00,27,Bourgogne-Franche-Comté,71,Saône-et-Loire,21,50 à 99 salariés
Fonds de solidarité,VOLET1,4200,1248,7583444.00,27,Bourgogne-Franche-Comté,71,Saône-et-Loire,NN,Etablissement non employeur
Fonds de solidarité,VOLET1,696,203,1597372.00,27,Bourgogne-Franche-Comté,90,Territoire de Belfort,00,0 salarié
Fonds de solidarité,VOLET1,2062,569,6291830.00,27,Bourgogne-Franche-Comté,90,Territoire de Belfort,01,1 ou 2 salariés
Fonds de solidarité,VOLET1,819,241,3264665.00,27,Bourgogne-Franche-Comté,90,Territoire de Belfort,02,3 à 5 salariés
Fonds de solidarité,VOLET1,236,70,1222364.00,27,Bourgogne-Franche-Comté,90,Territoire de Belfort,03,6 à 9 salariés
Fonds de solidarité,VOLET1,86,27,780302.00,27,Bourgogne-Franche-Comté,90,Territoire de Belfort,11,10 à 19 salariés
Fonds de solidarité,VOLET1,38,17,727044.00,27,Bourgogne-Franche-Comté,90,Territoire de Belfort,12,20 à 49 salariés
Fonds de solidarité,VOLET1,572,171,992533.00,27,Bourgogne-Franche-Comté,90,Territoire de Belfort,NN,Etablissement non employeur
Fonds de solidarité,VOLET1,1887,543,4820361.00,27,Bourgogne-Franche-Comté,89,Yonne,00,0 salarié
Fonds de solidarité,VOLET1,5693,1650,16673686.00,27,Bourgogne-Franche-Comté,89,Yonne,01,1 ou 2 salariés
Fonds de solidarité,VOLET1,1765,533,6922762.00,27,Bourgogne-Franche-Comté,89,Yonne,02,3 à 5 salariés
Fonds de solidarité,VOLET1,542,179,2621475.00,27,Bourgogne-Franche-Comté,89,Yonne,03,6 à 9 salariés
Fonds de solidarité,VOLET1,145,50,1295172.00,27,Bourgogne-Franche-Comté,89,Yonne,11,10 à 19 salariés
Fonds de solidarité,VOLET1,63,24,1329315.00,27,Bourgogne-Franche-Comté,89,Yonne,12,20 à 49 salariés
Fonds de solidarité,VOLET1,5,3,305412.00,27,Bourgogne-Franche-Comté,89,Yonne,21,50 à 99 salariés
Fonds de solidarité,VOLET1,1883,546,3166812.00,27,Bourgogne-Franche-Comté,89,Yonne,NN,Etablissement non employeur
Fonds de solidarité,VOLET1,4859,1255,14036730.00,53,Bretagne,22,Côtes-d'Armor,00,0 salarié
Fonds de solidarité,VOLET1,11079,3089,36131177.00,53,Bretagne,22,Côtes-d'Armor,01,1 ou 2 salariés
Fonds de solidarité,VOLET1,3400,1016,14199546.00,53,Bretagne,22,Côtes-d'Armor,02,3 à 5 salariés
Fonds de solidarité,VOLET1,977,337,5264987.00,53,Bretagne,22,Côtes-d'Armor,03,6 à 9 salariés
Fonds de solidarité,VOLET1,300,109,3198234.00,53,Bretagne,22,Côtes-d'Armor,11,10 à 19 salariés
Fonds de solidarité,VOLET1,97,38,3006588.00,53,Bretagne,22,Côtes-d'Armor,12,20 à 49 salariés
Fonds de solidarité,VOLET1,3818,1165,6498544.00,53,Bretagne,22,Côtes-d'Armor,NN,Etablissement non employeur
Fonds de solidarité,VOLET1,6390,1725,17716267.00,53,Bretagne,29,Finistère,00,0 salarié
Fonds de solidarité,VOLET1,15114,4227,49865851.00,53,Bretagne,29,Finistère,01,1 ou 2 salariés
Fonds de solidarité,VOLET1,5921,1735,25404440.00,53,Bretagne,29,Finistère,02,3 à 5 salariés
Fonds de solidarité,VOLET1,1748,529,9458928.00,53,Bretagne,29,Finistère,03,6 à 9 salariés
Fonds de solidarité,VOLET1,730,238,6701076.00,53,Bretagne,29,Finistère,11,10 à 19 salariés
Fonds de solidarité,VOLET1,185,76,5095062.00,53,Bretagne,29,Finistère,12,20 à 49 salariés
Fonds de solidarité,VOLET1,4928,1506,8476135.00,53,Bretagne,29,Finistère,NN,Etablissement non employeur
Fonds de solidarité,VOLET1,6134,1632,16341705.00,53,Bretagne,35,Ille-et-Vilaine,00,0 salarié
Fonds de solidarité,VOLET1,17174,4810,55677719.00,53,Bretagne,35,Ille-et-Vilaine,01,1 ou 2 salariés
Fonds de solidarité,VOLET1,6540,1980,28236295.00,53,Bretagne,35,Ille-et-Vilaine,02,3 à 5 salariés
Fonds de solidarité,VOLET1,2422,741,13821476.00,53,Bretagne,35,Ille-et-Vilaine,03,6 à 9 salariés
Fonds de solidarité,VOLET1,1059,372,10607357.00,53,Bretagne,35,Ille-et-Vilaine,11,10 à 19 salariés
Fonds de solidarité,VOLET1,219,106,5908153.00,53,Bretagne,35,Ille-et-Vilaine,12,20 à 49 salariés
Fonds de solidarité,VOLET1,12,9,442495.00,53,Bretagne,35,Ille-et-Vilaine,21,50 à 99 salariés
Fonds de solidarité,VOLET1,4993,1464,8848200.00,53,Bretagne,35,Ille-et-Vilaine,NN,Etablissement non employeur
Fonds de solidarité,VOLET1,6907,1788,20393413.00,53,Bretagne,56,Morbihan,00,0 salarié
Fonds de solidarité,VOLET1,14422,4086,48029644.00,53,Bretagne,56,Morbihan,01,1 ou 2 salariés
Fonds de solidarité,VOLET1,5261,1573,22379028.00,53,Bretagne,56,Morbihan,02,3 à 5 salariés
Fonds de solidarité,VOLET1,1572,515,8924881.00,53,Bretagne,56,Morbihan,03,6 à 9 salariés
Fonds de solidarité,VOLET1,548,194,5319096.00,53,Bretagne,56,Morbihan,11,10 à 19 salariés
Fonds de solidarité,VOLET1,145,60,3324787.00,53,Bretagne,56,Morbihan,12,20 à 49 salariés
Fonds de solidarité,VOLET1,7,5,498003.00,53,Bretagne,56,Morbihan,21,50 à 99 salariés
Fonds de solidarité,VOLET1,4745,1386,8381528.00,53,Bretagne,56,Morbihan,NN,Etablissement non employeur
Fonds de solidarité,VOLET1,1513,408,3797048.00,24,Centre-Val de Loire,18,Cher,00,0 salarié
Fonds de solidarité,VOLET1,4339,1273,12517261.00,24,Centre-Val de Loire,18,Cher,01,1 ou 2 salariés
Fonds de solidarité,VOLET1,1505,474,5736628.00,24,Centre-Val de Loire,18,Cher,02,3 à 5 salariés
Fonds de solidarité,VOLET1,483,154,2317437.00,24,Centre-Val de Loire,18,Cher,03,6 à 9 salariés
Fonds de solidarité,VOLET1,175,57,1701950.00,24,Centre-Val de Loire,18,Cher,11,10 à 19 salariés
Fonds de solidarité,VOLET1,23,9,376497.00,24,Centre-Val de Loire,18,Cher,12,20 à 49 salariés
Fonds de solidarité,VOLET1,1822,572,3015206.00,24,Centre-Val de Loire,18,Cher,NN,Etablissement non employeur
Fonds de solidarité,VOLET1,1938,553,4460719.00,24,Centre-Val de Loire,28,Eure-et-Loir,00,0 salarié
Fonds de solidarité,VOLET1,6022,1763,17133729.00,24,Centre-Val de Loire,28,Eure-et-Loir,01,1 ou 2 salariés
Fonds de solidarité,VOLET1,2081,671,7724813.00,24,Centre-Val de Loire,28,Eure-et-Loir,02,3 à 5 salariés
Fonds de solidarité,VOLET1,648,205,3183504.00,24,Centre-Val de Loire,28,Eure-et-Loir,03,6 à 9 salariés
Fonds de solidarité,VOLET1,176,56,1885927.00,24,Centre-Val de Loire,28,Eure-et-Loir,11,10 à 19 salariés
Fonds de solidarité,VOLET1,63,25,1044012.00,24,Centre-Val de Loire,28,Eure-et-Loir,12,20 à 49 salariés
Fonds de solidarité,VOLET1,6,3,186080.00,24,Centre-Val de Loire,28,Eure-et-Loir,21,50 à 99 salariés
Fonds de solidarité,VOLET1,1770,527,2973504.00,24,Centre-Val de Loire,28,Eure-et-Loir,NN,Etablissement non employeur
Fonds de solidarité,VOLET1,1037,283,2659346.00,24,Centre-Val de Loire,36,Indre,00,0 salarié
Fonds de solidarité,VOLET1,3404,960,9639532.00,24,Centre-Val de Loire,36,Indre,01,1 ou 2 salariés
Fonds de solidarité,VOLET1,1259,401,5071685.00,24,Centre-Val de Loire,36,Indre,02,3 à 5 salariés
Fonds de solidarité,VOLET1,356,122,1497423.00,24,Centre-Val de Loire,36,Indre,03,6 à 9 salariés
Fonds de solidarité,VOLET1,133,44,1215874.00,24,Centre-Val de Loire,36,Indre,11,10 à 19 salariés
Fonds de solidarité,VOLET1,33,15,564492.00,24,Centre-Val de Loire,36,Indre,12,20 à 49 salariés
Fonds de solidarité,VOLET1,1476,401,2319674.00,24,Centre-Val de Loire,36,Indre,NN,Etablissement non employeur
Fonds de solidarité,VOLET1,3941,1059,10209470.00,24,Centre-Val de Loire,37,Indre-et-Loire,00,0 salarié
Fonds de solidarité,VOLET1,10274,2954,31655748.00,24,Centre-Val de Loire,37,Indre-et-Loire,01,1 ou 2 salariés
Fonds de solidarité,VOLET1,3987,1145,16052342.00,24,Centre-Val de Loire,37,Indre-et-Loire,02,3 à 5 salariés
Fonds de solidarité,VOLET1,1272,369,7013344.00,24,Centre-Val de Loire,37,Indre-et-Loire,03,6 à 9 salariés
Fonds de solidarité,VOLET1,465,157,4799756.00,24,Centre-Val de Loire,37,Indre-et-Loire,11,10 à 19 salariés
Fonds de solidarité,VOLET1,136,51,2647437.00,24,Centre-Val de Loire,37,Indre-et-Loire,12,20 à 49 salariés
Fonds de solidarité,VOLET1,8,3,416666.00,24,Centre-Val de Loire,37,Indre-et-Loire,21,50 à 99 salariés
Fonds de solidarité,VOLET1,3491,990,6249815.00,24,Centre-Val de Loire,37,Indre-et-Loire,NN,Etablissement non employeur
Fonds de solidarité,VOLET1,3178,915,7796956.00,24,Centre-Val de Loire,45,Loiret,00,0 salarié
Fonds de solidarité,VOLET1,9742,2854,28408996.00,24,Centre-Val de Loire,45,Loiret,01,1 ou 2 salariés
Fonds de solidarité,VOLET1,3992,1189,16057504.00,24,Centre-Val de Loire,45,Loiret,02,3 à 5 salariés
Fonds de solidarité,VOLET1,1073,336,5662998.00,24,Centre-Val de Loire,45,Loiret,03,6 à 9 salariés
Fonds de solidarité,VOLET1,497,168,4839170.00,24,Centre-Val de Loire,45,Loiret,11,10 à 19 salariés
Fonds de solidarité,VOLET1,117,46,2455475.00,24,Centre-Val de Loire,45,Loiret,12,20 à 49 salariés
Fonds de solidarité,VOLET1,3029,879,5132895.00,24,Centre-Val de Loire,45,Loiret,NN,Etablissement non employeur
Fonds de solidarité,VOLET1,1799,498,4714432.00,24,Centre-Val de Loire,41,Loir-et-Cher,00,0 salarié
Fonds de solidarité,VOLET1,5540,1643,16877468.00,24,Centre-Val de Loire,41,Loir-et-Cher,01,1 ou 2 salariés
Fonds de solidarité,VOLET1,1991,623,7474624.00,24,Centre-Val de Loire,41,Loir-et-Cher,02,3 à 5 salariés
Fonds de solidarité,VOLET1,446,158,1993874.00,24,Centre-Val de Loire,41,Loir-et-Cher,03,6 à 9 salariés
Fonds de solidarité,VOLET1,228,82,2337718.00,24,Centre-Val de Loire,41,Loir-et-Cher,11,10 à 19 salariés
Fonds de solidarité,VOLET1,39,21,1018160.00,24,Centre-Val de Loire,41,Loir-et-Cher,12,20 à 49 salariés
Fonds de solidarité,VOLET1,7,4,387021.00,24,Centre-Val de Loire,41,Loir-et-Cher,21,50 à 99 salariés
Fonds de solidarité,VOLET1,1790,532,3197005.00,24,Centre-Val de Loire,41,Loir-et-Cher,NN,Etablissement non employeur
Fonds de solidarité,VOLET1,1929,472,5070302.00,94,Corse,2A,Corse-du-Sud,00,0 salarié
Fonds de solidarité,VOLET1,7155,1825,22685530.00,94,Corse,2A,Corse-du-Sud,01,1 ou 2 salariés
Fonds de solidarité,VOLET1,4069,1016,18213235.00,94,Corse,2A,Corse-du-Sud,02,3 à 5 salariés
Fonds de solidarité,VOLET1,1268,361,7643894.00,94,Corse,2A,Corse-du-Sud,03,6 à 9 salariés
Fonds de solidarité,VOLET1,559,167,6122236.00,94,Corse,2A,Corse-du-Sud,11,10 à 19 salariés
Fonds de solidarité,VOLET1,106,40,2369961.00,94,Corse,2A,Corse-du-Sud,12,20 à 49 salariés
Fonds de solidarité,VOLET1,15,6,913414.00,94,Corse,2A,Corse-du-Sud,21,50 à 99 salariés
Fonds de solidarité,VOLET1,1513,510,2604181.00,94,Corse,2A,Corse-du-Sud,NN,Etablissement non employeur
Fonds de solidarité,VOLET1,4630,1021,14974539.00,94,Corse,2B,Haute-Corse,00,0 salarié
Fonds de solidarité,VOLET1,7749,1920,24773136.00,94,Corse,2B,Haute-Corse,01,1 ou 2 salariés
Fonds de solidarité,VOLET1,2533,702,10608652.00,94,Corse,2B,Haute-Corse,02,3 à 5 salariés
Fonds de solidarité,VOLET1,744,218,4173779.00,94,Corse,2B,Haute-Corse,03,6 à 9 salariés
Fonds de solidarité,VOLET1,220,92,1996352.00,94,Corse,2B,Haute-Corse,11,10 à 19 salariés
Fonds de solidarité,VOLET1,54,25,1555704.00,94,Corse,2B,Haute-Corse,12,20 à 49 salariés
Fonds de solidarité,VOLET1,2799,700,4619599.00,94,Corse,2B,Haute-Corse,NN,Etablissement non employeur
Fonds de solidarité,VOLET1,1310,359,2985123.00,44,Grand Est,08,Ardennes,00,0 salarié
Fonds de solidarité,VOLET1,4019,1168,11126027.00,44,Grand Est,08,Ardennes,01,1 ou 2 salariés
Fonds de solidarité,VOLET1,1353,430,4859446.00,44,Grand Est,08,Ardennes,02,3 à 5 salariés
Fonds de solidarité,VOLET1,425,144,1740962.00,44,Grand Est,08,Ardennes,03,6 à 9 salariés
Fonds de solidarité,VOLET1,165,51,1307566.00,44,Grand Est,08,Ardennes,11,10 à 19 salariés
Fonds de solidarité,VOLET1,49,20,878114.00,44,Grand Est,08,Ardennes,12,20 à 49 salariés
Fonds de solidarité,VOLET1,1667,459,2875206.00,44,Grand Est,08,Ardennes,NN,Etablissement non employeur
Fonds de solidarité,VOLET1,1904,628,5373896.00,44,Grand Est,10,Aube,00,0 salarié
Fonds de solidarité,VOLET1,5567,1744,19728531.00,44,Grand Est,10,Aube,01,1 ou 2 salariés
Fonds de solidarité,VOLET1,1914,607,8886808.00,44,Grand Est,10,Aube,02,3 à 5 salariés
Fonds de solidarité,VOLET1,573,193,3012237.00,44,Grand Est,10,Aube,03,6 à 9 salariés
Fonds de solidarité,VOLET1,240,83,2326515.00,44,Grand Est,10,Aube,11,10 à 19 salariés
Fonds de solidarité,VOLET1,46,22,1236394.00,44,Grand Est,10,Aube,12,20 à 49 salariés
Fonds de solidarité,VOLET1,2567,971,7525603.00,44,Grand Est,10,Aube,NN,Etablissement non employeur
Fonds de solidarité,VOLET1,7269,2060,17965006.00,44,Grand Est,67,Bas-Rhin,00,0 salarié
Fonds de solidarité,VOLET1,22039,6573,64024351.00,44,Grand Est,67,Bas-Rhin,01,1 ou 2 salariés
Fonds de solidarité,VOLET1,9358,2727,37533638.00,44,Grand Est,67,Bas-Rhin,02,3 à 5 salariés
Fonds de solidarité,VOLET1,3698,1035,20435771.00,44,Grand Est,67,Bas-Rhin,03,6 à 9 salariés
Fonds de solidarité,VOLET1,1567,474,16198703.00,44,Grand Est,67,Bas-Rhin,11,10 à 19 salariés
Fonds de solidarité,VOLET1,409,152,11102178.00,44,Grand Est,67,Bas-Rhin,12,20 à 49 salariés
Fonds de solidarité,VOLET1,25,16,2440700.00,44,Grand Est,67,Bas-Rhin,21,50 à 99 salariés
Fonds de solidarité,VOLET1,6223,1864,10845611.00,44,Grand Est,67,Bas-Rhin,NN,Etablissement non employeur
Fonds de solidarité,VOLET1,868,251,1973329.00,44,Grand Est,52,Haute-Marne,00,0 salarié
Fonds de solidarité,VOLET1,2388,700,6702637.00,44,Grand Est,52,Haute-Marne,01,1 ou 2 salariés
Fonds de solidarité,VOLET1,857,256,3245036.00,44,Grand Est,52,Haute-Marne,02,3 à 5 salariés
Fonds de solidarité,VOLET1,296,98,1379910.00,44,Grand Est,52,Haute-Marne,03,6 à 9 salariés
Fonds de solidarité,VOLET1,146,43,1094255.00,44,Grand Est,52,Haute-Marne,11,10 à 19 salariés
Fonds de solidarité,VOLET1,26,12,626418.00,44,Grand Est,52,Haute-Marne,12,20 à 49 salariés
Fonds de solidarité,VOLET1,961,290,1683624.00,44,Grand Est,52,Haute-Marne,NN,Etablissement non employeur
Fonds de solidarité,VOLET1,4808,1354,12908096.00,44,Grand Est,68,Haut-Rhin,00,0 salarié
Fonds de solidarité,VOLET1,13975,4046,42574610.00,44,Grand Est,68,Haut-Rhin,01,1 ou 2 salariés
Fonds de solidarité,VOLET1,6288,1799,25848740.00,44,Grand Est,68,Haut-Rhin,02,3 à 5 salariés
Fonds de solidarité,VOLET1,2099,591,12129864.00,44,Grand Est,68,Haut-Rhin,03,6 à 9 salariés
Fonds de solidarité,VOLET1,985,299,10743259.00,44,Grand Est,68,Haut-Rhin,11,10 à 19 salariés
Fonds de solidarité,VOLET1,252,100,6397114.00,44,Grand Est,68,Haut-Rhin,12,20 à 49 salariés
Fonds de solidarité,VOLET1,17,8,809708.00,44,Grand Est,68,Haut-Rhin,21,50 à 99 salariés
Fonds de solidarité,VOLET1,3467,1042,5805591.00,44,Grand Est,68,Haut-Rhin,NN,Etablissement non employeur
Fonds de solidarité,VOLET1,3872,1316,11568354.00,44,Grand Est,51,Marne,00,0 salarié
Fonds de solidarité,VOLET1,11422,3945,43641320.00,44,Grand Est,51,Marne,01,1 ou 2 salariés
Fonds de solidarité,VOLET1,4174,1429,19377904.00,44,Grand Est,51,Marne,02,3 à 5 salariés
Fonds de solidarité,VOLET1,1399,462,7977964.00,44,Grand Est,51,Marne,03,6 à 9 salariés
Fonds de solidarité,VOLET1,572,178,6161067.00,44,Grand Est,51,Marne,11,10 à 19 salariés
Fonds de solidarité,VOLET1,156,59,4324845.00,44,Grand Est,51,Marne,12,20 à 49 salariés
Fonds de solidarité,VOLET1,4,3,239559.00,44,Grand Est,51,Marne,21,50 à 99 salariés
Fonds de solidarité,VOLET1,7424,3152,23744061.00,44,Grand Est,51,Marne,NN,Etablissement non employeur
Fonds de solidarité,VOLET1,3152,897,7663451.00,44,Grand Est,54,Meurthe-et-Moselle,00,0 salarié
Fonds de solidarité,VOLET1,9769,2797,28985641.00,44,Grand Est,54,Meurthe-et-Moselle,01,1 ou 2 salariés
Fonds de solidarité,VOLET1,3516,1053,13061310.00,44,Grand Est,54,Meurthe-et-Moselle,02,3 à 5 salariés
Fonds de solidarité,VOLET1,1180,382,6124899.00,44,Grand Est,54,Meurthe-et-Moselle,03,6 à 9 salariés
Fonds de solidarité,VOLET1,585,174,5327703.00,44,Grand Est,54,Meurthe-et-Moselle,11,10 à 19 salariés
Fonds de solidarité,VOLET1,137,53,2810929.00,44,Grand Est,54,Meurthe-et-Moselle,12,20 à 49 salariés
Fonds de solidarité,VOLET1,9,7,625850.00,44,Grand Est,54,Meurthe-et-Moselle,21,50 à 99 salariés
Fonds de solidarité,VOLET1,3622,988,6058619.00,44,Grand Est,54,Meurthe-et-Moselle,NN,Etablissement non employeur
Fonds de solidarité,VOLET1,879,246,1954140.00,44,Grand Est,55,Meuse,00,0 salarié
Fonds de solidarité,VOLET1,2429,699,7046860.00,44,Grand Est,55,Meuse,01,1 ou 2 salariés
Fonds de solidarité,VOLET1,803,238,2979115.00,44,Grand Est,55,Meuse,02,3 à 5 salariés
Fonds de solidarité,VOLET1,256,81,1163086.00,44,Grand Est,55,Meuse,03,6 à 9 salariés
Fonds de solidarité,VOLET1,80,26,676095.00,44,Grand Est,55,Meuse,11,10 à 19 salariés
Fonds de solidarité,VOLET1,23,10,630548.00,44,Grand Est,55,Meuse,12,20 à 49 salariés
Fonds de solidarité,VOLET1,1027,291,1653727.00,44,Grand Est,55,Meuse,NN,Etablissement non employeur
Fonds de solidarité,VOLET1,4296,1268,9725207.00,44,Grand Est,57,Moselle,00,0 salarié
Fonds de solidarité,VOLET1,14682,4246,40956926.00,44,Grand Est,57,Moselle,01,1 ou 2 salariés
Fonds de solidarité,VOLET1,6611,1945,25399251.00,44,Grand Est,57,Moselle,02,3 à 5 salariés
Fonds de solidarité,VOLET1,2360,701,11774612.00,44,Grand Est,57,Moselle,03,6 à 9 salariés
Fonds de solidarité,VOLET1,790,242,7749565.00,44,Grand Est,57,Moselle,11,10 à 19 salariés
Fonds de solidarité,VOLET1,145,61,3415923.00,44,Grand Est,57,Moselle,12,20 à 49 salariés
Fonds de solidarité,VOLET1,21,10,719067.00,44,Grand Est,57,Moselle,21,50 à 99 salariés
Fonds de solidarité,VOLET1,3854,1143,6583027.00,44,Grand Est,57,Moselle,NN,Etablissement non employeur
Fonds de solidarité,VOLET1,2784,748,6848876.00,44,Grand Est,88,Vosges,00,0 salarié
Fonds de solidarité,VOLET1,7051,1959,21720420.00,44,Grand Est,88,Vosges,01,1 ou 2 salariés
Fonds de solidarité,VOLET1,2414,717,9224693.00,44,Grand Est,88,Vosges,02,3 à 5 salariés
Fonds de solidarité,VOLET1,787,231,3533685.00,44,Grand Est,88,Vosges,03,6 à 9 salariés
Fonds de solidarité,VOLET1,292,99,2468841.00,44,Grand Est,88,Vosges,11,10 à 19 salariés
Fonds de solidarité,VOLET1,81,33,1983607.00,44,Grand Est,88,Vosges,12,20 à 49 salariés
Fonds de solidarité,VOLET1,5,3,418863.00,44,Grand Est,88,Vosges,21,50 à 99 salariés
Fonds de solidarité,VOLET1,2646,762,4467762.00,44,Grand Est,88,Vosges,NN,Etablissement non employeur
Fonds de solidarité,VOLET1,2912,774,5075283.00,01,Guadeloupe,971,Guadeloupe,00,0 salarié
Fonds de solidarité,VOLET1,9605,2739,17404959.00,01,Guadeloupe,971,Guadeloupe,01,1 ou 2 salariés
Fonds de solidarité,VOLET1,3213,995,6527265.00,01,Guadeloupe,971,Guadeloupe,02,3 à 5 salariés
Fonds de solidarité,VOLET1,1083,359,2717317.00,01,Guadeloupe,971,Guadeloupe,03,6 à 9 salariés
Fonds de solidarité,VOLET1,323,101,979574.00,01,Guadeloupe,971,Guadeloupe,11,10 à 19 salariés
Fonds de solidarité,VOLET1,59,20,747384.00,01,Guadeloupe,971,Guadeloupe,12,20 à 49 salariés
Fonds de solidarité,VOLET1,9,3,146974.00,01,Guadeloupe,971,Guadeloupe,21,50 à 99 salariés
Fonds de solidarité,VOLET1,10392,2583,16245094.00,01,Guadeloupe,971,Guadeloupe,NN,Etablissement non employeur
Fonds de solidarité,VOLET1,1970,368,4461466.00,03,Guyane,973,Guyane,00,0 salarié
Fonds de solidarité,VOLET1,4693,942,10498698.00,03,Guyane,973,Guyane,01,1 ou 2 salariés
Fonds de solidarité,VOLET1,1861,404,4557205.00,03,Guyane,973,Guyane,02,3 à 5 salariés
Fonds de solidarité,VOLET1,607,140,1545395.00,03,Guyane,973,Guyane,03,6 à 9 salariés
Fonds de solidarité,VOLET1,226,56,602627.00,03,Guyane,973,Guyane,11,10 à 19 salariés
Fonds de solidarité,VOLET1,52,12,274164.00,03,Guyane,973,Guyane,12,20 à 49 salariés
Fonds de solidarité,VOLET1,3122,551,6173623.00,03,Guyane,973,Guyane,NN,Etablissement non employeur
Fonds de solidarité,VOLET1,2118,611,5303448.00,32,Hauts-de-France,02,Aisne,00,0 salarié
Fonds de solidarité,VOLET1,6385,1911,19445953.00,32,Hauts-de-France,02,Aisne,01,1 ou 2 salariés
Fonds de solidarité,VOLET1,2539,794,9639543.00,32,Hauts-de-France,02,Aisne,02,3 à 5 salariés
Fonds de solidarité,VOLET1,671,237,2814729.00,32,Hauts-de-France,02,Aisne,03,6 à 9 salariés
Fonds de solidarité,VOLET1,237,78,2277319.00,32,Hauts-de-France,02,Aisne,11,10 à 19 salariés
Fonds de solidarité,VOLET1,102,45,2047330.00,32,Hauts-de-France,02,Aisne,12,20 à 49 salariés
Fonds de solidarité,VOLET1,13,4,396070.00,32,Hauts-de-France,02,Aisne,21,50 à 99 salariés
Fonds de solidarité,VOLET1,2591,785,5523418.00,32,Hauts-de-France,02,Aisne,NN,Etablissement non employeur
Fonds de solidarité,VOLET1,12316,3267,28465651.00,32,Hauts-de-France,59,Nord,00,0 salarié
Fonds de solidarité,VOLET1,35291,9705,103016487.00,32,Hauts-de-France,59,Nord,01,1 ou 2 salariés
Fonds de solidarité,VOLET1,13887,3861,56485705.00,32,Hauts-de-France,59,Nord,02,3 à 5 salariés
Fonds de solidarité,VOLET1,4790,1417,24146518.00,32,Hauts-de-France,59,Nord,03,6 à 9 salariés
Fonds de solidarité,VOLET1,1913,607,17583272.00,32,Hauts-de-France,59,Nord,11,10 à 19 salariés
Fonds de solidarité,VOLET1,560,226,12754197.00,32,Hauts-de-France,59,Nord,12,20 à 49 salariés
Fonds de solidarité,VOLET1,36,20,1987248.00,32,Hauts-de-France,59,Nord,21,50 à 99 salariés
Fonds de solidarité,VOLET1,5,5,416593.00,32,Hauts-de-France,59,Nord,22,100 à 199 salariés
Fonds de solidarité,VOLET1,4,3,600490.00,32,Hauts-de-France,59,Nord,31,200 à 249 salariés
Fonds de solidarité,VOLET1,5,3,213800.00,32,Hauts-de-France,59,Nord,41,500 à 999 salariés
Fonds de solidarité,VOLET1,10045,2830,16563939.00,32,Hauts-de-France,59,Nord,NN,Etablissement non employeur
Fonds de solidarité,VOLET1,3594,1029,8571092.00,32,Hauts-de-France,60,Oise,00,0 salarié
Fonds de solidarité,VOLET1,11138,3227,31126973.00,32,Hauts-de-France,60,Oise,01,1 ou 2 salariés
Fonds de solidarité,VOLET1,4242,1277,16298469.00,32,Hauts-de-France,60,Oise,02,3 à 5 salariés
Fonds de solidarité,VOLET1,1285,408,5896005.00,32,Hauts-de-France,60,Oise,03,6 à 9 salariés
Fonds de solidarité,VOLET1,477,163,4285088.00,32,Hauts-de-France,60,Oise,11,10 à 19 salariés
Fonds de solidarité,VOLET1,157,61,4481364.00,32,Hauts-de-France,60,Oise,12,20 à 49 salariés
Fonds de solidarité,VOLET1,5,4,516887.00,32,Hauts-de-France,60,Oise,21,50 à 99 salariés
Fonds de solidarité,VOLET1,4,3,565174.00,32,Hauts-de-France,60,Oise,22,100 à 199 salariés
Fonds de solidarité,VOLET1,3166,962,5330172.00,32,Hauts-de-France,60,Oise,NN,Etablissement non employeur
Fonds de solidarité,VOLET1,6226,1711,13963257.00,32,Hauts-de-France,62,Pas-de-Calais,00,0 salarié
Fonds de solidarité,VOLET1,18845,5399,53789648.00,32,Hauts-de-France,62,Pas-de-Calais,01,1 ou 2 salariés
Fonds de solidarité,VOLET1,6643,1993,25851512.00,32,Hauts-de-France,62,Pas-de-Calais,02,3 à 5 salariés
Fonds de solidarité,VOLET1,2361,733,11444102.00,32,Hauts-de-France,62,Pas-de-Calais,03,6 à 9 salariés
Fonds de solidarité,VOLET1,890,299,8598031.00,32,Hauts-de-France,62,Pas-de-Calais,11,10 à 19 salariés
Fonds de solidarité,VOLET1,301,115,7370268.00,32,Hauts-de-France,62,Pas-de-Calais,12,20 à 49 salariés
Fonds de solidarité,VOLET1,18,10,625392.00,32,Hauts-de-France,62,Pas-de-Calais,21,50 à 99 salariés
Fonds de solidarité,VOLET1,6219,1739,10109040.00,32,Hauts-de-France,62,Pas-de-Calais,NN,Etablissement non employeur
Fonds de solidarité,VOLET1,2546,716,6269978.00,32,Hauts-de-France,80,Somme,00,0 salarié
Fonds de solidarité,VOLET1,7360,2117,21313337.00,32,Hauts-de-France,80,Somme,01,1 ou 2 salariés
Fonds de solidarité,VOLET1,2998,876,11491626.00,32,Hauts-de-France,80,Somme,02,3 à 5 salariés
Fonds de solidarité,VOLET1,911,285,4701557.00,32,Hauts-de-France,80,Somme,03,6 à 9 salariés
Fonds de solidarité,VOLET1,388,116,3960465.00,32,Hauts-de-France,80,Somme,11,10 à 19 salariés
Fonds de solidarité,VOLET1,158,83,3544589.00,32,Hauts-de-France,80,Somme,12,20 à 49 salariés
Fonds de solidarité,VOLET1,6,3,446047.00,32,Hauts-de-France,80,Somme,21,50 à 99 salariés
Fonds de solidarité,VOLET1,2603,767,4320758.00,32,Hauts-de-France,80,Somme,NN,Etablissement non employeur
Fonds de solidarité,VOLET1,6549,1677,14908921.00,11,Île-de-France,91,Essonne,00,0 salarié
Fonds de solidarité,VOLET1,17711,5074,46461602.00,11,Île-de-France,91,Essonne,01,1 ou 2 salariés
Fonds de solidarité,VOLET1,7200,2215,26493331.00,11,Île-de-France,91,Essonne,02,3 à 5 salariés
Fonds de solidarité,VOLET1,2436,754,11833164.00,11,Île-de-France,91,Essonne,03,6 à 9 salariés
Fonds de solidarité,VOLET1,802,271,6961418.00,11,Île-de-France,91,Essonne,11,10 à 19 salariés
Fonds de solidarité,VOLET1,263,105,6483045.00,11,Île-de-France,91,Essonne,12,20 à 49 salariés
Fonds de solidarité,VOLET1,14,7,885256.00,11,Île-de-France,91,Essonne,21,50 à 99 salariés
Fonds de solidarité,VOLET1,5700,1538,9887742.00,11,Île-de-France,91,Essonne,NN,Etablissement non employeur
Fonds de solidarité,VOLET1,12837,3031,31344685.00,11,Île-de-France,92,Hauts-de-Seine,00,0 salarié
Fonds de solidarité,VOLET1,29918,7493,86881335.00,11,Île-de-France,92,Hauts-de-Seine,01,1 ou 2 salariés
Fonds de solidarité,VOLET1,14491,3637,61274188.00,11,Île-de-France,92,Hauts-de-Seine,02,3 à 5 salariés
Fonds de solidarité,VOLET1,5408,1404,31723925.00,11,Île-de-France,92,Hauts-de-Seine,03,6 à 9 salariés
Fonds de solidarité,VOLET1,2114,638,20810654.00,11,Île-de-France,92,Hauts-de-Seine,11,10 à 19 salariés
Fonds de solidarité,VOLET1,536,227,13519271.00,11,Île-de-France,92,Hauts-de-Seine,12,20 à 49 salariés
Fonds de solidarité,VOLET1,54,28,4228235.00,11,Île-de-France,92,Hauts-de-Seine,21,50 à 99 salariés
Fonds de solidarité,VOLET1,12,9,1449763.00,11,Île-de-France,92,Hauts-de-Seine,22,100 à 199 salariés
Fonds de solidarité,VOLET1,4,3,220700.00,11,Île-de-France,92,Hauts-de-Seine,32,250 à 499 salariés
Fonds de solidarité,VOLET1,3,3,566991.00,11,Île-de-France,92,Hauts-de-Seine,41,500 à 999 salariés
Fonds de solidarité,VOLET1,10301,2528,17570024.00,11,Île-de-France,92,Hauts-de-Seine,NN,Etablissement non employeur
Fonds de solidarité,VOLET1,38513,9240,102402610.00,11,Île-de-France,75,Paris,00,0 salarié
Fonds de solidarité,VOLET1,102283,24607,312631298.00,11,Île-de-France,75,Paris,01,1 ou 2 salariés
Fonds de solidarité,VOLET1,54631,12360,241682959.00,11,Île-de-France,75,Paris,02,3 à 5 salariés
Fonds de solidarité,VOLET1,25675,5872,162802713.00,11,Île-de-France,75,Paris,03,6 à 9 salariés
Fonds de solidarité,VOLET1,13100,3553,147338932.00,11,Île-de-France,75,Paris,11,10 à 19 salariés
Fonds de solidarité,VOLET1,3410,1184,92263894.00,11,Île-de-France,75,Paris,12,20 à 49 salariés
Fonds de solidarité,VOLET1,301,144,20357798.00,11,Île-de-France,75,Paris,21,50 à 99 salariés
Fonds de solidarité,VOLET1,70,43,8922067.00,11,Île-de-France,75,Paris,22,100 à 199 salariés
Fonds de solidarité,VOLET1,21,11,2341741.00,11,Île-de-France,75,Paris,31,200 à 249 salariés
Fonds de solidarité,VOLET1,25,19,3828047.00,11,Île-de-France,75,Paris,32,250 à 499 salariés
Fonds de solidarité,VOLET1,12,9,1821823.00,11,Île-de-France,75,Paris,41,500 à 999 salariés
Fonds de solidarité,VOLET1,35084,8479,64156628.00,11,Île-de-France,75,Paris,NN,Etablissement non employeur
Fonds de solidarité,VOLET1,7960,2043,18449058.00,11,Île-de-France,77,Seine-et-Marne,00,0 salarié
Fonds de solidarité,VOLET1,21343,6084,57422506.00,11,Île-de-France,77,Seine-et-Marne,01,1 ou 2 salariés
Fonds de solidarité,VOLET1,8410,2594,31130699.00,11,Île-de-France,77,Seine-et-Marne,02,3 à 5 salariés
Fonds de solidarité,VOLET1,3049,907,15029336.00,11,Île-de-France,77,Seine-et-Marne,03,6 à 9 salariés
Fonds de solidarité,VOLET1,1121,357,10240873.00,11,Île-de-France,77,Seine-et-Marne,11,10 à 19 salariés
Fonds de solidarité,VOLET1,295,117,7980931.00,11,Île-de-France,77,Seine-et-Marne,12,20 à 49 salariés
Fonds de solidarité,VOLET1,16,9,900474.00,11,Île-de-France,77,Seine-et-Marne,21,50 à 99 salariés
Fonds de solidarité,VOLET1,7957,1914,13364847.00,11,Île-de-France,77,Seine-et-Marne,NN,Etablissement non employeur
Fonds de solidarité,VOLET1,10402,2304,23016924.00,11,Île-de-France,93,Seine-Saint-Denis,00,0 salarié
Fonds de solidarité,VOLET1,33638,8411,84412936.00,11,Île-de-France,93,Seine-Saint-Denis,01,1 ou 2 salariés
Fonds de solidarité,VOLET1,15646,4517,53553736.00,11,Île-de-France,93,Seine-Saint-Denis,02,3 à 5 salariés
Fonds de solidarité,VOLET1,4733,1479,20419387.00,11,Île-de-France,93,Seine-Saint-Denis,03,6 à 9 salariés
Fonds de solidarité,VOLET1,1764,541,12777484.00,11,Île-de-France,93,Seine-Saint-Denis,11,10 à 19 salariés
Fonds de solidarité,VOLET1,391,156,8618344.00,11,Île-de-France,93,Seine-Saint-Denis,12,20 à 49 salariés
Fonds de solidarité,VOLET1,20,10,1184092.00,11,Île-de-France,93,Seine-Saint-Denis,21,50 à 99 salariés
Fonds de solidarité,VOLET1,5,4,603000.00,11,Île-de-France,93,Seine-Saint-Denis,31,200 à 249 salariés
Fonds de solidarité,VOLET1,10760,2214,17937398.00,11,Île-de-France,93,Seine-Saint-Denis,NN,Etablissement non employeur
Fonds de solidarité,VOLET1,9150,2185,21632400.00,11,Île-de-France,94,Val-de-Marne,00,0 salarié
Fonds de solidarité,VOLET1,25257,6515,67856685.00,11,Île-de-France,94,Val-de-Marne,01,1 ou 2 salariés
Fonds de solidarité,VOLET1,10721,2952,39797987.00,11,Île-de-France,94,Val-de-Marne,02,3 à 5 salariés
Fonds de solidarité,VOLET1,3672,1034,18711266.00,11,Île-de-France,94,Val-de-Marne,03,6 à 9 salariés
Fonds de solidarité,VOLET1,1307,399,10474023.00,11,Île-de-France,94,Val-de-Marne,11,10 à 19 salariés
Fonds de solidarité,VOLET1,372,155,8738119.00,11,Île-de-France,94,Val-de-Marne,12,20 à 49 salariés
Fonds de solidarité,VOLET1,10,7,508866.00,11,Île-de-France,94,Val-de-Marne,21,50 à 99 salariés
Fonds de solidarité,VOLET1,15,8,1231146.00,11,Île-de-France,94,Val-de-Marne,22,100 à 199 salariés
Fonds de solidarité,VOLET1,9385,2116,15681075.00,11,Île-de-France,94,Val-de-Marne,NN,Etablissement non employeur
Fonds de solidarité,VOLET1,6801,1632,14723669.00,11,Île-de-France,95,Val-d'Oise,00,0 salarié
Fonds de solidarité,VOLET1,20161,5414,52232119.00,11,Île-de-France,95,Val-d'Oise,01,1 ou 2 salariés
Fonds de solidarité,VOLET1,8485,2519,29422777.00,11,Île-de-France,95,Val-d'Oise,02,3 à 5 salariés
Fonds de solidarité,VOLET1,2812,835,12634462.00,11,Île-de-France,95,Val-d'Oise,03,6 à 9 salariés
Fonds de solidarité,VOLET1,1020,331,8185885.00,11,Île-de-France,95,Val-d'Oise,11,10 à 19 salariés
Fonds de solidarité,VOLET1,240,100,5750339.00,11,Île-de-France,95,Val-d'Oise,12,20 à 49 salariés
Fonds de solidarité,VOLET1,31,18,1462455.00,11,Île-de-France,95,Val-d'Oise,21,50 à 99 salariés
Fonds de solidarité,VOLET1,9,6,1357281.00,11,Île-de-France,95,Val-d'Oise,22,100 à 199 salariés
Fonds de solidarité,VOLET1,6891,1616,11318550.00,11,Île-de-France,95,Val-d'Oise,NN,Etablissement non employeur
Fonds de solidarité,VOLET1,7249,1993,16761897.00,11,Île-de-France,78,Yvelines,00,0 salarié
Fonds de solidarité,VOLET1,19365,5610,54967210.00,11,Île-de-France,78,Yvelines,01,1 ou 2 salariés
Fonds de solidarité,VOLET1,8432,2415,34358543.00,11,Île-de-France,78,Yvelines,02,3 à 5 salariés
Fonds de solidarité,VOLET1,3115,875,16222822.00,11,Île-de-France,78,Yvelines,03,6 à 9 salariés
Fonds de solidarité,VOLET1,1145,359,11399913.00,11,Île-de-France,78,Yvelines,11,10 à 19 salariés
Fonds de solidarité,VOLET1,314,117,8659734.00,11,Île-de-France,78,Yvelines,12,20 à 49 salariés
Fonds de solidarité,VOLET1,24,10,851552.00,11,Île-de-France,78,Yvelines,21,50 à 99 salariés
Fonds de solidarité,VOLET1,5,3,470140.00,11,Île-de-France,78,Yvelines,22,100 à 199 salariés
Fonds de solidarité,VOLET1,6615,1898,11085025.00,11,Île-de-France,78,Yvelines,NN,Etablissement non employeur
Fonds de solidarité,VOLET1,6070,1884,10197593.00,04,La Réunion,974,La Réunion,00,0 salarié
Fonds de solidarité,VOLET1,14299,4935,24650403.00,04,La Réunion,974,La Réunion,01,1 ou 2 salariés
Fonds de solidarité,VOLET1,4560,1830,8636242.00,04,La Réunion,974,La Réunion,02,3 à 5 salariés
Fonds de solidarité,VOLET1,1621,680,3543331.00,04,La Réunion,974,La Réunion,03,6 à 9 salariés
Fonds de solidarité,VOLET1,490,169,2461704.00,04,La Réunion,974,La Réunion,11,10 à 19 salariés
Fonds de solidarité,VOLET1,73,29,1046657.00,04,La Réunion,974,La Réunion,12,20 à 49 salariés
Fonds de solidarité,VOLET1,15,4,149208.00,04,La Réunion,974,La Réunion,21,50 à 99 salariés
Fonds de solidarité,VOLET1,6806,2056,9561965.00,04,La Réunion,974,La Réunion,NN,Etablissement non employeur
Fonds de solidarité,VOLET1,2526,681,5101071.00,02,Martinique,972,Martinique,00,0 salarié
Fonds de solidarité,VOLET1,7946,2211,17493096.00,02,Martinique,972,Martinique,01,1 ou 2 salariés
Fonds de solidarité,VOLET1,2838,932,7417475.00,02,Martinique,972,Martinique,02,3 à 5 salariés
Fonds de solidarité,VOLET1,1075,357,3213127.00,02,Martinique,972,Martinique,03,6 à 9 salariés
Fonds de solidarité,VOLET1,392,138,1756894.00,02,Martinique,972,Martinique,11,10 à 19 salariés
Fonds de solidarité,VOLET1,89,38,644288.00,02,Martinique,972,Martinique,12,20 à 49 salariés
Fonds de solidarité,VOLET1,13,5,332355.00,02,Martinique,972,Martinique,21,50 à 99 salariés
Fonds de solidarité,VOLET1,5453,1403,8222362.00,02,Martinique,972,Martinique,NN,Etablissement non employeur
Fonds de solidarité,VOLET1,1120,235,2784453.00,06,Mayotte,976,Mayotte,00,0 salarié
Fonds de solidarité,VOLET1,805,135,2160909.00,06,Mayotte,976,Mayotte,01,1 ou 2 salariés
Fonds de solidarité,VOLET1,279,61,731084.00,06,Mayotte,976,Mayotte,02,3 à 5 salariés
Fonds de solidarité,VOLET1,76,21,156865.00,06,Mayotte,976,Mayotte,03,6 à 9 salariés
Fonds de solidarité,VOLET1,48,8,151123.00,06,Mayotte,976,Mayotte,11,10 à 19 salariés
Fonds de solidarité,VOLET1,13,3,65326.00,06,Mayotte,976,Mayotte,12,20 à 49 salariés
Fonds de solidarité,VOLET1,5702,1469,15987121.00,28,Normandie,14,Calvados,00,0 salarié
Fonds de solidarité,VOLET1,13277,3760,42398607.00,28,Normandie,14,Calvados,01,1 ou 2 salariés
Fonds de solidarité,VOLET1,5011,1421,21416079.00,28,Normandie,14,Calvados,02,3 à 5 salariés
Fonds de solidarité,VOLET1,1827,532,10773354.00,28,Normandie,14,Calvados,03,6 à 9 salariés
Fonds de solidarité,VOLET1,791,255,8481288.00,28,Normandie,14,Calvados,11,10 à 19 salariés
Fonds de solidarité,VOLET1,215,81,5368501.00,28,Normandie,14,Calvados,12,20 à 49 salariés
Fonds de solidarité,VOLET1,11,5,281028.00,28,Normandie,14,Calvados,21,50 à 99 salariés
Fonds de solidarité,VOLET1,3824,1109,6632709.00,28,Normandie,14,Calvados,NN,Etablissement non employeur
Fonds de solidarité,VOLET1,3030,841,7257550.00,28,Normandie,27,Eure,00,0 salarié
Fonds de solidarité,VOLET1,8425,2511,24375880.00,28,Normandie,27,Eure,01,1 ou 2 salariés
Fonds de solidarité,VOLET1,3012,931,11454475.00,28,Normandie,27,Eure,02,3 à 5 salariés
Fonds de solidarité,VOLET1,884,279,4187756.00,28,Normandie,27,Eure,03,6 à 9 salariés
Fonds de solidarité,VOLET1,253,89,2400498.00,28,Normandie,27,Eure,11,10 à 19 salariés
Fonds de solidarité,VOLET1,70,31,1567385.00,28,Normandie,27,Eure,12,20 à 49 salariés
Fonds de solidarité,VOLET1,10,4,345074.00,28,Normandie,27,Eure,21,50 à 99 salariés
Fonds de solidarité,VOLET1,2653,784,4537947.00,28,Normandie,27,Eure,NN,Etablissement non employeur
Fonds de solidarité,VOLET1,3592,930,9848191.00,28,Normandie,50,Manche,00,0 salarié
Fonds de solidarité,VOLET1,8665,2465,27512766.00,28,Normandie,50,Manche,01,1 ou 2 salariés
Fonds de solidarité,VOLET1,3034,921,12223644.00,28,Normandie,50,Manche,02,3 à 5 salariés
Fonds de solidarité,VOLET1,997,323,5090255.00,28,Normandie,50,Manche,03,6 à 9 salariés
Fonds de solidarité,VOLET1,290,94,2649189.00,28,Normandie,50,Manche,11,10 à 19 salariés
Fonds de solidarité,VOLET1,84,38,1788472.00,28,Normandie,50,Manche,12,20 à 49 salariés
Fonds de solidarité,VOLET1,13,3,117416.00,28,Normandie,50,Manche,21,50 à 99 salariés
Fonds de solidarité,VOLET1,2559,766,4314137.00,28,Normandie,50,Manche,NN,Etablissement non employeur
Fonds de solidarité,VOLET1,1637,443,4021865.00,28,Normandie,61,Orne,00,0 salarié
Fonds de solidarité,VOLET1,4670,1342,13946393.00,28,Normandie,61,Orne,01,1 ou 2 salariés
Fonds de solidarité,VOLET1,1403,430,5193723.00,28,Normandie,61,Orne,02,3 à 5 salariés
Fonds de solidarité,VOLET1,365,124,1515829.00,28,Normandie,61,Orne,03,6 à 9 salariés
Fonds de solidarité,VOLET1,99,40,1091851.00,28,Normandie,61,Orne,11,10 à 19 salariés
Fonds de solidarité,VOLET1,37,14,805059.00,28,Normandie,61,Orne,12,20 à 49 salariés
Fonds de solidarité,VOLET1,1718,507,3035342.00,28,Normandie,61,Orne,NN,Etablissement non employeur
Fonds de solidarité,VOLET1,5453,1482,13559535.00,28,Normandie,76,Seine-Maritime,00,0 salarié
Fonds de solidarité,VOLET1,16770,4809,51540611.00,28,Normandie,76,Seine-Maritime,01,1 ou 2 salariés
Fonds de solidarité,VOLET1,6810,1958,28103560.00,28,Normandie,76,Seine-Maritime,02,3 à 5 salariés
Fonds de solidarité,VOLET1,2293,703,12335139.00,28,Normandie,76,Seine-Maritime,03,6 à 9 salariés
Fonds de solidarité,VOLET1,998,304,9241738.00,28,Normandie,76,Seine-Maritime,11,10 à 19 salariés
Fonds de solidarité,VOLET1,283,107,6164694.00,28,Normandie,76,Seine-Maritime,12,20 à 49 salariés
Fonds de solidarité,VOLET1,27,12,1502408.00,28,Normandie,76,Seine-Maritime,21,50 à 99 salariés
Fonds de solidarité,VOLET1,4711,1403,7840366.00,28,Normandie,76,Seine-Maritime,NN,Etablissement non employeur
Fonds de solidarité,VOLET1,2039,562,4688650.00,75,Nouvelle-Aquitaine,16,Charente,00,0 salarié
Fonds de solidarité,VOLET1,5426,1642,15512199.00,75,Nouvelle-Aquitaine,16,Charente,01,1 ou 2 salariés
Fonds de solidarité,VOLET1,1906,600,7162919.00,75,Nouvelle-Aquitaine,16,Charente,02,3 à 5 salariés
Fonds de solidarité,VOLET1,662,206,3252902.00,75,Nouvelle-Aquitaine,16,Charente,03,6 à 9 salariés
Fonds de solidarité,VOLET1,228,75,1965630.00,75,Nouvelle-Aquitaine,16,Charente,11,10 à 19 salariés
Fonds de solidarité,VOLET1,65,25,1876550.00,75,Nouvelle-Aquitaine,16,Charente,12,20 à 49 salariés
Fonds de solidarité,VOLET1,7,5,544523.00,75,Nouvelle-Aquitaine,16,Charente,21,50 à 99 salariés
Fonds de solidarité,VOLET1,2156,627,3385760.00,75,Nouvelle-Aquitaine,16,Charente,NN,Etablissement non employeur
Fonds de solidarité,VOLET1,7858,2116,22481404.00,75,Nouvelle-Aquitaine,17,Charente-Maritime,00,0 salarié
Fonds de solidarité,VOLET1,14009,4257,43531708.00,75,Nouvelle-Aquitaine,17,Charente-Maritime,01,1 ou 2 salariés
Fonds de solidarité,VOLET1,4703,1474,20138986.00,75,Nouvelle-Aquitaine,17,Charente-Maritime,02,3 à 5 salariés
Fonds de solidarité,VOLET1,1462,494,8412137.00,75,Nouvelle-Aquitaine,17,Charente-Maritime,03,6 à 9 salariés
Fonds de solidarité,VOLET1,539,189,6260280.00,75,Nouvelle-Aquitaine,17,Charente-Maritime,11,10 à 19 salariés
Fonds de solidarité,VOLET1,159,68,4687711.00,75,Nouvelle-Aquitaine,17,Charente-Maritime,12,20 à 49 salariés
Fonds de solidarité,VOLET1,5,3,461160.00,75,Nouvelle-Aquitaine,17,Charente-Maritime,21,50 à 99 salariés
Fonds de solidarité,VOLET1,4,3,705638.00,75,Nouvelle-Aquitaine,17,Charente-Maritime,22,100 à 199 salariés
Fonds de solidarité,VOLET1,4190,1330,6984270.00,75,Nouvelle-Aquitaine,17,Charente-Maritime,NN,Etablissement non employeur
Fonds de solidarité,VOLET1,1911,507,4818921.00,75,Nouvelle-Aquitaine,19,Corrèze,00,0 salarié
Fonds de solidarité,VOLET1,4517,1333,13586091.00,75,Nouvelle-Aquitaine,19,Corrèze,01,1 ou 2 salariés
Fonds de solidarité,VOLET1,1465,453,5592341.00,75,Nouvelle-Aquitaine,19,Corrèze,02,3 à 5 salariés
Fonds de solidarité,VOLET1,510,163,2628580.00,75,Nouvelle-Aquitaine,19,Corrèze,03,6 à 9 salariés
Fonds de solidarité,VOLET1,192,60,1709794.00,75,Nouvelle-Aquitaine,19,Corrèze,11,10 à 19 salariés
Fonds de solidarité,VOLET1,38,19,719264.00,75,Nouvelle-Aquitaine,19,Corrèze,12,20 à 49 salariés
Fonds de solidarité,VOLET1,2239,751,3749609.00,75,Nouvelle-Aquitaine,19,Corrèze,NN,Etablissement non employeur
Fonds de solidarité,VOLET1,683,169,1532881.00,75,Nouvelle-Aquitaine,23,Creuse,00,0 salarié
Fonds de solidarité,VOLET1,1808,540,4817187.00,75,Nouvelle-Aquitaine,23,Creuse,01,1 ou 2 salariés
Fonds de solidarité,VOLET1,620,181,2124755.00,75,Nouvelle-Aquitaine,23,Creuse,02,3 à 5 salariés
Fonds de solidarité,VOLET1,119,38,589098.00,75,Nouvelle-Aquitaine,23,Creuse,03,6 à 9 salariés
Fonds de solidarité,VOLET1,33,12,261252.00,75,Nouvelle-Aquitaine,23,Creuse,11,10 à 19 salariés
Fonds de solidarité,VOLET1,14,7,241724.00,75,Nouvelle-Aquitaine,23,Creuse,12,20 à 49 salariés
Fonds de solidarité,VOLET1,942,316,1518385.00,75,Nouvelle-Aquitaine,23,Creuse,NN,Etablissement non employeur
Fonds de solidarité,VOLET1,1561,441,3743787.00,75,Nouvelle-Aquitaine,79,Deux-Sèvres,00,0 salarié
Fonds de solidarité,VOLET1,4976,1492,14686987.00,75,Nouvelle-Aquitaine,79,Deux-Sèvres,01,1 ou 2 salariés
Fonds de solidarité,VOLET1,1791,563,6703502.00,75,Nouvelle-Aquitaine,79,Deux-Sèvres,02,3 à 5 salariés
Fonds de solidarité,VOLET1,554,180,2803242.00,75,Nouvelle-Aquitaine,79,Deux-Sèvres,03,6 à 9 salariés
Fonds de solidarité,VOLET1,238,72,1966318.00,75,Nouvelle-Aquitaine,79,Deux-Sèvres,11,10 à 19 salariés
Fonds de solidarité,VOLET1,46,22,1138215.00,75,Nouvelle-Aquitaine,79,Deux-Sèvres,12,20 à 49 salariés
Fonds de solidarité,VOLET1,8,3,464620.00,75,Nouvelle-Aquitaine,79,Deux-Sèvres,21,50 à 99 salariés
Fonds de solidarité,VOLET1,1590,478,2665020.00,75,Nouvelle-Aquitaine,79,Deux-Sèvres,NN,Etablissement non employeur
Fonds de solidarité,VOLET1,5130,1254,14010107.00,75,Nouvelle-Aquitaine,24,Dordogne,00,0 salarié
Fonds de solidarité,VOLET1,9266,2678,27867702.00,75,Nouvelle-Aquitaine,24,Dordogne,01,1 ou 2 salariés
Fonds de solidarité,VOLET1,2783,857,10653686.00,75,Nouvelle-Aquitaine,24,Dordogne,02,3 à 5 salariés
Fonds de solidarité,VOLET1,787,271,3974929.00,75,Nouvelle-Aquitaine,24,Dordogne,03,6 à 9 salariés
Fonds de solidarité,VOLET1,312,104,2818419.00,75,Nouvelle-Aquitaine,24,Dordogne,11,10 à 19 salariés
Fonds de solidarité,VOLET1,68,32,1442108.00,75,Nouvelle-Aquitaine,24,Dordogne,12,20 à 49 salariés
Fonds de solidarité,VOLET1,4,3,201789.00,75,Nouvelle-Aquitaine,24,Dordogne,21,50 à 99 salariés
Fonds de solidarité,VOLET1,3630,1131,5825370.00,75,Nouvelle-Aquitaine,24,Dordogne,NN,Etablissement non employeur
Fonds de solidarité,VOLET1,15417,4414,39466598.00,75,Nouvelle-Aquitaine,33,Gironde,00,0 salarié
Fonds de solidarité,VOLET1,32096,9663,94470061.00,75,Nouvelle-Aquitaine,33,Gironde,01,1 ou 2 salariés
Fonds de solidarité,VOLET1,12438,3772,50379807.00,75,Nouvelle-Aquitaine,33,Gironde,02,3 à 5 salariés
Fonds de solidarité,VOLET1,4709,1416,24909249.00,75,Nouvelle-Aquitaine,33,Gironde,03,6 à 9 salariés
Fonds de solidarité,VOLET1,1967,619,20498053.00,75,Nouvelle-Aquitaine,33,Gironde,11,10 à 19 salariés
Fonds de solidarité,VOLET1,544,206,13464146.00,75,Nouvelle-Aquitaine,33,Gironde,12,20 à 49 salariés
Fonds de solidarité,VOLET1,33,16,1317559.00,75,Nouvelle-Aquitaine,33,Gironde,21,50 à 99 salariés
Fonds de solidarité,VOLET1,11,6,839621.00,75,Nouvelle-Aquitaine,33,Gironde,22,100 à 199 salariés
Fonds de solidarité,VOLET1,10635,3322,18659629.00,75,Nouvelle-Aquitaine,33,Gironde,NN,Etablissement non employeur
Fonds de solidarité,VOLET1,2369,622,5587921.00,75,Nouvelle-Aquitaine,87,Haute-Vienne,00,0 salarié
Fonds de solidarité,VOLET1,5663,1609,16609088.00,75,Nouvelle-Aquitaine,87,Haute-Vienne,01,1 ou 2 salariés
Fonds de solidarité,VOLET1,2081,634,8324169.00,75,Nouvelle-Aquitaine,87,Haute-Vienne,02,3 à 5 salariés
Fonds de solidarité,VOLET1,776,216,3677145.00,75,Nouvelle-Aquitaine,87,Haute-Vienne,03,6 à 9 salariés
Fonds de solidarité,VOLET1,316,107,2898590.00,75,Nouvelle-Aquitaine,87,Haute-Vienne,11,10 à 19 salariés
Fonds de solidarité,VOLET1,102,39,2682786.00,75,Nouvelle-Aquitaine,87,Haute-Vienne,12,20 à 49 salariés
Fonds de solidarité,VOLET1,2536,739,4222455.00,75,Nouvelle-Aquitaine,87,Haute-Vienne,NN,Etablissement non employeur
Fonds de solidarité,VOLET1,5375,1405,15396036.00,75,Nouvelle-Aquitaine,40,Landes,00,0 salarié
Fonds de solidarité,VOLET1,8653,2526,25776040.00,75,Nouvelle-Aquitaine,40,Landes,01,1 ou 2 salariés
Fonds de solidarité,VOLET1,2771,875,10531709.00,75,Nouvelle-Aquitaine,40,Landes,02,3 à 5 salariés
Fonds de solidarité,VOLET1,864,289,4411016.00,75,Nouvelle-Aquitaine,40,Landes,03,6 à 9 salariés
Fonds de solidarité,VOLET1,318,104,2714795.00,75,Nouvelle-Aquitaine,40,Landes,11,10 à 19 salariés
Fonds de solidarité,VOLET1,152,55,3324424.00,75,Nouvelle-Aquitaine,40,Landes,12,20 à 49 salariés
Fonds de solidarité,VOLET1,10,4,380220.00,75,Nouvelle-Aquitaine,40,Landes,21,50 à 99 salariés
Fonds de solidarité,VOLET1,2607,794,4424602.00,75,Nouvelle-Aquitaine,40,Landes,NN,Etablissement non employeur
Fonds de solidarité,VOLET1,2778,756,6891811.00,75,Nouvelle-Aquitaine,47,Lot-et-Garonne,00,0 salarié
Fonds de solidarité,VOLET1,5883,1765,16378221.00,75,Nouvelle-Aquitaine,47,Lot-et-Garonne,01,1 ou 2 salariés
Fonds de solidarité,VOLET1,2117,665,7727020.00,75,Nouvelle-Aquitaine,47,Lot-et-Garonne,02,3 à 5 salariés
Fonds de solidarité,VOLET1,555,202,2436383.00,75,Nouvelle-Aquitaine,47,Lot-et-Garonne,03,6 à 9 salariés
Fonds de solidarité,VOLET1,211,63,1921046.00,75,Nouvelle-Aquitaine,47,Lot-et-Garonne,11,10 à 19 salariés
Fonds de solidarité,VOLET1,41,19,1116187.00,75,Nouvelle-Aquitaine,47,Lot-et-Garonne,12,20 à 49 salariés
Fonds de solidarité,VOLET1,2287,721,3738096.00,75,Nouvelle-Aquitaine,47,Lot-et-Garonne,NN,Etablissement non employeur
Fonds de solidarité,VOLET1,7066,1808,19159462.00,75,Nouvelle-Aquitaine,64,Pyrénées-Atlantiques,00,0 salarié
Fonds de solidarité,VOLET1,16520,4738,50756250.00,75,Nouvelle-Aquitaine,64,Pyrénées-Atlantiques,01,1 ou 2 salariés
Fonds de solidarité,VOLET1,6131,1785,24942794.00,75,Nouvelle-Aquitaine,64,Pyrénées-Atlantiques,02,3 à 5 salariés
Fonds de solidarité,VOLET1,2127,641,11660406.00,75,Nouvelle-Aquitaine,64,Pyrénées-Atlantiques,03,6 à 9 salariés
Fonds de solidarité,VOLET1,797,273,8274707.00,75,Nouvelle-Aquitaine,64,Pyrénées-Atlantiques,11,10 à 19 salariés
Fonds de solidarité,VOLET1,205,92,5424421.00,75,Nouvelle-Aquitaine,64,Pyrénées-Atlantiques,12,20 à 49 salariés
Fonds de solidarité,VOLET1,17,11,782964.00,75,Nouvelle-Aquitaine,64,Pyrénées-Atlantiques,21,50 à 99 salariés
Fonds de solidarité,VOLET1,5879,1827,9685446.00,75,Nouvelle-Aquitaine,64,Pyrénées-Atlantiques,NN,Etablissement non employeur
Fonds de solidarité,VOLET1,2034,569,4820857.00,75,Nouvelle-Aquitaine,86,Vienne,00,0 salarié
Fonds de solidarité,VOLET1,5891,1746,16932514.00,75,Nouvelle-Aquitaine,86,Vienne,01,1 ou 2 salariés
Fonds de solidarité,VOLET1,2069,645,7434718.00,75,Nouvelle-Aquitaine,86,Vienne,02,3 à 5 salariés
Fonds de solidarité,VOLET1,744,241,3833327.00,75,Nouvelle-Aquitaine,86,Vienne,03,6 à 9 salariés
Fonds de solidarité,VOLET1,291,98,3090734.00,75,Nouvelle-Aquitaine,86,Vienne,11,10 à 19 salariés
Fonds de solidarité,VOLET1,125,46,2566615.00,75,Nouvelle-Aquitaine,86,Vienne,12,20 à 49 salariés
Fonds de solidarité,VOLET1,8,5,175547.00,75,Nouvelle-Aquitaine,86,Vienne,21,50 à 99 salariés
Fonds de solidarité,VOLET1,1943,581,3374682.00,75,Nouvelle-Aquitaine,86,Vienne,NN,Etablissement non employeur
Fonds de solidarité,VOLET1,840,245,1744406.00,76,Occitanie,09,Ariège,00,0 salarié
Fonds de solidarité,VOLET1,3240,905,9366493.00,76,Occitanie,09,Ariège,01,1 ou 2 salariés
Fonds de solidarité,VOLET1,1217,333,4750661.00,76,Occitanie,09,Ariège,02,3 à 5 salariés
Fonds de solidarité,VOLET1,336,99,1433516.00,76,Occitanie,09,Ariège,03,6 à 9 salariés
Fonds de solidarité,VOLET1,104,34,722918.00,76,Occitanie,09,Ariège,11,10 à 19 salariés
Fonds de solidarité,VOLET1,33,12,641352.00,76,Occitanie,09,Ariège,12,20 à 49 salariés
Fonds de solidarité,VOLET1,1386,442,2114322.00,76,Occitanie,09,Ariège,NN,Etablissement non employeur
Fonds de solidarité,VOLET1,5238,1268,14548697.00,76,Occitanie,11,Aude,00,0 salarié
Fonds de solidarité,VOLET1,8935,2441,26453637.00,76,Occitanie,11,Aude,01,1 ou 2 salariés
Fonds de solidarité,VOLET1,2864,843,11163493.00,76,Occitanie,11,Aude,02,3 à 5 salariés
Fonds de solidarité,VOLET1,957,275,4519893.00,76,Occitanie,11,Aude,03,6 à 9 salariés
Fonds de solidarité,VOLET1,309,96,2835246.00,76,Occitanie,11,Aude,11,10 à 19 salariés
Fonds de solidarité,VOLET1,95,40,2373514.00,76,Occitanie,11,Aude,12,20 à 49 salariés
Fonds de solidarité,VOLET1,4,3,225669.00,76,Occitanie,11,Aude,21,50 à 99 salariés
Fonds de solidarité,VOLET1,2948,831,4794866.00,76,Occitanie,11,Aude,NN,Etablissement non employeur
Fonds de solidarité,VOLET1,3300,843,8759784.00,76,Occitanie,12,Aveyron,00,0 salarié
Fonds de solidarité,VOLET1,6493,1889,19037854.00,76,Occitanie,12,Aveyron,01,1 ou 2 salariés
Fonds de solidarité,VOLET1,2008,608,7700324.00,76,Occitanie,12,Aveyron,02,3 à 5 salariés
Fonds de solidarité,VOLET1,667,198,3004953.00,76,Occitanie,12,Aveyron,03,6 à 9 salariés
Fonds de solidarité,VOLET1,247,84,2372803.00,76,Occitanie,12,Aveyron,11,10 à 19 salariés
Fonds de solidarité,VOLET1,65,33,1559993.00,76,Occitanie,12,Aveyron,12,20 à 49 salariés
Fonds de solidarité,VOLET1,3278,1053,5205984.00,76,Occitanie,12,Aveyron,NN,Etablissement non employeur
Fonds de solidarité,VOLET1,8186,2100,21224145.00,76,Occitanie,30,Gard,00,0 salarié
Fonds de solidarité,VOLET1,18522,5105,53722494.00,76,Occitanie,30,Gard,01,1 ou 2 salariés
Fonds de solidarité,VOLET1,5527,1660,21717502.00,76,Occitanie,30,Gard,02,3 à 5 salariés
Fonds de solidarité,VOLET1,1563,497,7885712.00,76,Occitanie,30,Gard,03,6 à 9 salariés
Fonds de solidarité,VOLET1,533,182,5229571.00,76,Occitanie,30,Gard,11,10 à 19 salariés
Fonds de solidarité,VOLET1,114,54,4071198.00,76,Occitanie,30,Gard,12,20 à 49 salariés
Fonds de solidarité,VOLET1,11,6,217321.00,76,Occitanie,30,Gard,21,50 à 99 salariés
Fonds de solidarité,VOLET1,6691,1870,10922512.00,76,Occitanie,30,Gard,NN,Etablissement non employeur
Fonds de solidarité,VOLET1,1874,496,4559771.00,76,Occitanie,32,Gers,00,0 salarié
Fonds de solidarité,VOLET1,3983,1182,11620727.00,76,Occitanie,32,Gers,01,1 ou 2 salariés
Fonds de solidarité,VOLET1,1222,382,4261524.00,76,Occitanie,32,Gers,02,3 à 5 salariés
Fonds de solidarité,VOLET1,353,112,1552124.00,76,Occitanie,32,Gers,03,6 à 9 salariés
Fonds de solidarité,VOLET1,156,54,1150227.00,76,Occitanie,32,Gers,11,10 à 19 salariés
Fonds de solidarité,VOLET1,27,10,557594.00,76,Occitanie,32,Gers,12,20 à 49 salariés
Fonds de solidarité,VOLET1,1952,612,3148454.00,76,Occitanie,32,Gers,NN,Etablissement non employeur
Fonds de solidarité,VOLET1,10975,3048,25255375.00,76,Occitanie,31,Haute-Garonne,00,0 salarié
Fonds de solidarité,VOLET1,26765,7560,76523702.00,76,Occitanie,31,Haute-Garonne,01,1 ou 2 salariés
Fonds de solidarité,VOLET1,10567,3014,42421138.00,76,Occitanie,31,Haute-Garonne,02,3 à 5 salariés
Fonds de solidarité,VOLET1,3796,1106,19776975.00,76,Occitanie,31,Haute-Garonne,03,6 à 9 salariés
Fonds de solidarité,VOLET1,1595,491,15903223.00,76,Occitanie,31,Haute-Garonne,11,10 à 19 salariés
Fonds de solidarité,VOLET1,439,173,10925984.00,76,Occitanie,31,Haute-Garonne,12,20 à 49 salariés
Fonds de solidarité,VOLET1,33,17,1843449.00,76,Occitanie,31,Haute-Garonne,21,50 à 99 salariés
Fonds de solidarité,VOLET1,8,4,244500.00,76,Occitanie,31,Haute-Garonne,22,100 à 199 salariés
Fonds de solidarité,VOLET1,9610,2870,15496011.00,76,Occitanie,31,Haute-Garonne,NN,Etablissement non employeur
Fonds de solidarité,VOLET1,3345,710,10823812.00,76,Occitanie,65,Hautes-Pyrénées,00,0 salarié
Fonds de solidarité,VOLET1,6350,1628,21293071.00,76,Occitanie,65,Hautes-Pyrénées,01,1 ou 2 salariés
Fonds de solidarité,VOLET1,2340,632,10998810.00,76,Occitanie,65,Hautes-Pyrénées,02,3 à 5 salariés
Fonds de solidarité,VOLET1,728,185,4543077.00,76,Occitanie,65,Hautes-Pyrénées,03,6 à 9 salariés
Fonds de solidarité,VOLET1,342,91,3199642.00,76,Occitanie,65,Hautes-Pyrénées,11,10 à 19 salariés
Fonds de solidarité,VOLET1,46,23,1190323.00,76,Occitanie,65,Hautes-Pyrénées,12,20 à 49 salariés
Fonds de solidarité,VOLET1,10,4,217987.00,76,Occitanie,65,Hautes-Pyrénées,21,50 à 99 salariés
Fonds de solidarité,VOLET1,3368,826,5911037.00,76,Occitanie,65,Hautes-Pyrénées,NN,Etablissement non employeur
Fonds de solidarité,VOLET1,16183,4048,44078467.00,76,Occitanie,34,Hérault,00,0 salarié
Fonds de solidarité,VOLET1,32698,8963,95964645.00,76,Occitanie,34,Hérault,01,1 ou 2 salariés
Fonds de solidarité,VOLET1,10587,3017,42656251.00,76,Occitanie,34,Hérault,02,3 à 5 salariés
Fonds de solidarité,VOLET1,3409,1016,18753999.00,76,Occitanie,34,Hérault,03,6 à 9 salariés
Fonds de solidarité,VOLET1,1340,420,12918344.00,76,Occitanie,34,Hérault,11,10 à 19 salariés
Fonds de solidarité,VOLET1,327,134,8061048.00,76,Occitanie,34,Hérault,12,20 à 49 salariés
Fonds de solidarité,VOLET1,35,19,1529489.00,76,Occitanie,34,Hérault,21,50 à 99 salariés
Fonds de solidarité,VOLET1,9670,2802,15920502.00,76,Occitanie,34,Hérault,NN,Etablissement non employeur
Fonds de solidarité,VOLET1,2402,604,6593480.00,76,Occitanie,46,Lot,00,0 salarié
Fonds de solidarité,VOLET1,4003,1130,12226718.00,76,Occitanie,46,Lot,01,1 ou 2 salariés
Fonds de solidarité,VOLET1,1224,373,4853200.00,76,Occitanie,46,Lot,02,3 à 5 salariés
Fonds de solidarité,VOLET1,327,115,1585045.00,76,Occitanie,46,Lot,03,6 à 9 salariés
Fonds de solidarité,VOLET1,110,36,1032182.00,76,Occitanie,46,Lot,11,10 à 19 salariés
Fonds de solidarité,VOLET1,36,13,946861.00,76,Occitanie,46,Lot,12,20 à 49 salariés
Fonds de solidarité,VOLET1,1867,630,2924544.00,76,Occitanie,46,Lot,NN,Etablissement non employeur
Fonds de solidarité,VOLET1,1364,332,4489661.00,76,Occitanie,48,Lozère,00,0 salarié
Fonds de solidarité,VOLET1,1972,553,6177453.00,76,Occitanie,48,Lozère,01,1 ou 2 salariés
Fonds de solidarité,VOLET1,634,183,2626750.00,76,Occitanie,48,Lozère,02,3 à 5 salariés
Fonds de solidarité,VOLET1,140,47,615016.00,76,Occitanie,48,Lozère,03,6 à 9 salariés
Fonds de solidarité,VOLET1,52,20,520683.00,76,Occitanie,48,Lozère,11,10 à 19 salariés
Fonds de solidarité,VOLET1,15,8,361663.00,76,Occitanie,48,Lozère,12,20 à 49 salariés
Fonds de solidarité,VOLET1,1491,500,2321577.00,76,Occitanie,48,Lozère,NN,Etablissement non employeur
Fonds de solidarité,VOLET1,7760,1874,22552329.00,76,Occitanie,66,Pyrénées-Orientales,00,0 salarié
Fonds de solidarité,VOLET1,12107,3390,35777535.00,76,Occitanie,66,Pyrénées-Orientales,01,1 ou 2 salariés
Fonds de solidarité,VOLET1,4119,1198,17091080.00,76,Occitanie,66,Pyrénées-Orientales,02,3 à 5 salariés
Fonds de solidarité,VOLET1,1284,401,7096437.00,76,Occitanie,66,Pyrénées-Orientales,03,6 à 9 salariés
Fonds de solidarité,VOLET1,476,158,4844386.00,76,Occitanie,66,Pyrénées-Orientales,11,10 à 19 salariés
Fonds de solidarité,VOLET1,134,52,4524844.00,76,Occitanie,66,Pyrénées-Orientales,12,20 à 49 salariés
Fonds de solidarité,VOLET1,6,4,420244.00,76,Occitanie,66,Pyrénées-Orientales,21,50 à 99 salariés
Fonds de solidarité,VOLET1,4231,1183,6819700.00,76,Occitanie,66,Pyrénées-Orientales,NN,Etablissement non employeur
Fonds de solidarité,VOLET1,2962,830,6861885.00,76,Occitanie,81,Tarn,00,0 salarié
Fonds de solidarité,VOLET1,7177,2184,20001056.00,76,Occitanie,81,Tarn,01,1 ou 2 salariés
Fonds de solidarité,VOLET1,2361,733,8911169.00,76,Occitanie,81,Tarn,02,3 à 5 salariés
Fonds de solidarité,VOLET1,665,219,3470637.00,76,Occitanie,81,Tarn,03,6 à 9 salariés
Fonds de solidarité,VOLET1,240,93,1952120.00,76,Occitanie,81,Tarn,11,10 à 19 salariés
Fonds de solidarité,VOLET1,64,28,1680130.00,76,Occitanie,81,Tarn,12,20 à 49 salariés
Fonds de solidarité,VOLET1,2852,863,4536688.00,76,Occitanie,81,Tarn,NN,Etablissement non employeur
Fonds de solidarité,VOLET1,1927,543,4507927.00,76,Occitanie,82,Tarn-et-Garonne,00,0 salarié
Fonds de solidarité,VOLET1,4562,1382,13192859.00,76,Occitanie,82,Tarn-et-Garonne,01,1 ou 2 salariés
Fonds de solidarité,VOLET1,1522,479,5586725.00,76,Occitanie,82,Tarn-et-Garonne,02,3 à 5 salariés
Fonds de solidarité,VOLET1,450,155,2020468.00,76,Occitanie,82,Tarn-et-Garonne,03,6 à 9 salariés
Fonds de solidarité,VOLET1,157,55,1302313.00,76,Occitanie,82,Tarn-et-Garonne,11,10 à 19 salariés
Fonds de solidarité,VOLET1,34,19,705766.00,76,Occitanie,82,Tarn-et-Garonne,12,20 à 49 salariés
Fonds de solidarité,VOLET1,1896,585,2909552.00,76,Occitanie,82,Tarn-et-Garonne,NN,Etablissement non employeur
Fonds de solidarité,VOLET1,9225,2520,23654111.00,52,Pays de la Loire,44,Loire-Atlantique,00,0 salarié
Fonds de solidarité,VOLET1,21541,6383,68104413.00,52,Pays de la Loire,44,Loire-Atlantique,01,1 ou 2 salariés
Fonds de solidarité,VOLET1,9184,2657,37989084.00,52,Pays de la Loire,44,Loire-Atlantique,02,3 à 5 salariés
Fonds de solidarité,VOLET1,2947,938,15960515.00,52,Pays de la Loire,44,Loire-Atlantique,03,6 à 9 salariés
Fonds de solidarité,VOLET1,1156,408,12214735.00,52,Pays de la Loire,44,Loire-Atlantique,11,10 à 19 salariés
Fonds de solidarité,VOLET1,341,141,10395736.00,52,Pays de la Loire,44,Loire-Atlantique,12,20 à 49 salariés
Fonds de solidarité,VOLET1,13,8,677785.00,52,Pays de la Loire,44,Loire-Atlantique,21,50 à 99 salariés
Fonds de solidarité,VOLET1,6435,1955,11116138.00,52,Pays de la Loire,44,Loire-Atlantique,NN,Etablissement non employeur
Fonds de solidarité,VOLET1,4050,1131,9950042.00,52,Pays de la Loire,49,Maine-et-Loire,00,0 salarié
Fonds de solidarité,VOLET1,12537,3639,39527599.00,52,Pays de la Loire,49,Maine-et-Loire,01,1 ou 2 salariés
Fonds de solidarité,VOLET1,4479,1419,18116193.00,52,Pays de la Loire,49,Maine-et-Loire,02,3 à 5 salariés
Fonds de solidarité,VOLET1,1445,490,7506716.00,52,Pays de la Loire,49,Maine-et-Loire,03,6 à 9 salariés
Fonds de solidarité,VOLET1,616,206,5768268.00,52,Pays de la Loire,49,Maine-et-Loire,11,10 à 19 salariés
Fonds de solidarité,VOLET1,206,75,4477427.00,52,Pays de la Loire,49,Maine-et-Loire,12,20 à 49 salariés
Fonds de solidarité,VOLET1,19,12,923715.00,52,Pays de la Loire,49,Maine-et-Loire,21,50 à 99 salariés
Fonds de solidarité,VOLET1,3693,1120,6473004.00,52,Pays de la Loire,49,Maine-et-Loire,NN,Etablissement non employeur
Fonds de solidarité,VOLET1,1625,445,4025717.00,52,Pays de la Loire,53,Mayenne,00,0 salarié
Fonds de solidarité,VOLET1,4388,1296,12994071.00,52,Pays de la Loire,53,Mayenne,01,1 ou 2 salariés
Fonds de solidarité,VOLET1,1534,497,6006322.00,52,Pays de la Loire,53,Mayenne,02,3 à 5 salariés
Fonds de solidarité,VOLET1,465,161,2305567.00,52,Pays de la Loire,53,Mayenne,03,6 à 9 salariés
Fonds de solidarité,VOLET1,148,52,1494588.00,52,Pays de la Loire,53,Mayenne,11,10 à 19 salariés
Fonds de solidarité,VOLET1,55,22,1069196.00,52,Pays de la Loire,53,Mayenne,12,20 à 49 salariés
Fonds de solidarité,VOLET1,1381,398,2388751.00,52,Pays de la Loire,53,Mayenne,NN,Etablissement non employeur
Fonds de solidarité,VOLET1,2709,726,6928440.00,52,Pays de la Loire,72,Sarthe,00,0 salarié
Fonds de solidarité,VOLET1,7352,2078,22619937.00,52,Pays de la Loire,72,Sarthe,01,1 ou 2 salariés
Fonds de solidarité,VOLET1,2686,822,10636181.00,52,Pays de la Loire,72,Sarthe,02,3 à 5 salariés
Fonds de solidarité,VOLET1,837,268,3892879.00,52,Pays de la Loire,72,Sarthe,03,6 à 9 salariés
Fonds de solidarité,VOLET1,387,138,3950551.00,52,Pays de la Loire,72,Sarthe,11,10 à 19 salariés
Fonds de solidarité,VOLET1,96,45,2295207.00,52,Pays de la Loire,72,Sarthe,12,20 à 49 salariés
Fonds de solidarité,VOLET1,2197,650,3484596.00,52,Pays de la Loire,72,Sarthe,NN,Etablissement non employeur
Fonds de solidarité,VOLET1,5902,1562,17334046.00,52,Pays de la Loire,85,Vendée,00,0 salarié
Fonds de solidarité,VOLET1,11341,3363,36191677.00,52,Pays de la Loire,85,Vendée,01,1 ou 2 salariés
Fonds de solidarité,VOLET1,4699,1484,19939737.00,52,Pays de la Loire,85,Vendée,02,3 à 5 salariés
Fonds de solidarité,VOLET1,1224,450,6761597.00,52,Pays de la Loire,85,Vendée,03,6 à 9 salariés
Fonds de solidarité,VOLET1,419,167,5255077.00,52,Pays de la Loire,85,Vendée,11,10 à 19 salariés
Fonds de solidarité,VOLET1,141,66,2988992.00,52,Pays de la Loire,85,Vendée,12,20 à 49 salariés
Fonds de solidarité,VOLET1,11,5,388043.00,52,Pays de la Loire,85,Vendée,21,50 à 99 salariés
Fonds de solidarité,VOLET1,3167,1007,5280330.00,52,Pays de la Loire,85,Vendée,NN,Etablissement non employeur
Fonds de solidarité,VOLET1,2844,722,7775342.00,93,Provence-Alpes-Côte d'Azur,04,Alpes-de-Haute-Provence,00,0 salarié
Fonds de solidarité,VOLET1,5302,1396,16958204.00,93,Provence-Alpes-Côte d'Azur,04,Alpes-de-Haute-Provence,01,1 ou 2 salariés
Fonds de solidarité,VOLET1,1701,455,7423984.00,93,Provence-Alpes-Côte d'Azur,04,Alpes-de-Haute-Provence,02,3 à 5 salariés
Fonds de solidarité,VOLET1,395,122,1979713.00,93,Provence-Alpes-Côte d'Azur,04,Alpes-de-Haute-Provence,03,6 à 9 salariés
Fonds de solidarité,VOLET1,140,44,1528046.00,93,Provence-Alpes-Côte d'Azur,04,Alpes-de-Haute-Provence,11,10 à 19 salariés
Fonds de solidarité,VOLET1,48,19,915131.00,93,Provence-Alpes-Côte d'Azur,04,Alpes-de-Haute-Provence,12,20 à 49 salariés
Fonds de solidarité,VOLET1,2043,553,3422697.00,93,Provence-Alpes-Côte d'Azur,04,Alpes-de-Haute-Provence,NN,Etablissement non employeur
Fonds de solidarité,VOLET1,16695,4015,43761238.00,93,Provence-Alpes-Côte d'Azur,06,Alpes-Maritimes,00,0 salarié
Fonds de solidarité,VOLET1,39316,9969,119865660.00,93,Provence-Alpes-Côte d'Azur,06,Alpes-Maritimes,01,1 ou 2 salariés
Fonds de solidarité,VOLET1,13281,3405,57934264.00,93,Provence-Alpes-Côte d'Azur,06,Alpes-Maritimes,02,3 à 5 salariés
Fonds de solidarité,VOLET1,4716,1211,28637894.00,93,Provence-Alpes-Côte d'Azur,06,Alpes-Maritimes,03,6 à 9 salariés
Fonds de solidarité,VOLET1,2146,659,24133244.00,93,Provence-Alpes-Côte d'Azur,06,Alpes-Maritimes,11,10 à 19 salariés
Fonds de solidarité,VOLET1,608,218,17042579.00,93,Provence-Alpes-Côte d'Azur,06,Alpes-Maritimes,12,20 à 49 salariés
Fonds de solidarité,VOLET1,61,31,4451333.00,93,Provence-Alpes-Côte d'Azur,06,Alpes-Maritimes,21,50 à 99 salariés
Fonds de solidarité,VOLET1,5,4,601910.00,93,Provence-Alpes-Côte d'Azur,06,Alpes-Maritimes,22,100 à 199 salariés
Fonds de solidarité,VOLET1,4,3,516892.00,93,Provence-Alpes-Côte d'Azur,06,Alpes-Maritimes,31,200 à 249 salariés
Fonds de solidarité,VOLET1,12728,3406,21991350.00,93,Provence-Alpes-Côte d'Azur,06,Alpes-Maritimes,NN,Etablissement non employeur
Fonds de solidarité,VOLET1,19351,4975,48320250.00,93,Provence-Alpes-Côte d'Azur,13,Bouches-du-Rhône,00,0 salarié
Fonds de solidarité,VOLET1,52895,13863,153918757.00,93,Provence-Alpes-Côte d'Azur,13,Bouches-du-Rhône,01,1 ou 2 salariés
Fonds de solidarité,VOLET1,18507,4919,74961623.00,93,Provence-Alpes-Côte d'Azur,13,Bouches-du-Rhône,02,3 à 5 salariés
Fonds de solidarité,VOLET1,5997,1619,32397353.00,93,Provence-Alpes-Côte d'Azur,13,Bouches-du-Rhône,03,6 à 9 salariés
Fonds de solidarité,VOLET1,2688,737,26119030.00,93,Provence-Alpes-Côte d'Azur,13,Bouches-du-Rhône,11,10 à 19 salariés
Fonds de solidarité,VOLET1,664,250,16555855.00,93,Provence-Alpes-Côte d'Azur,13,Bouches-du-Rhône,12,20 à 49 salariés
Fonds de solidarité,VOLET1,64,35,2866862.00,93,Provence-Alpes-Côte d'Azur,13,Bouches-du-Rhône,21,50 à 99 salariés
Fonds de solidarité,VOLET1,15476,4259,25394399.00,93,Provence-Alpes-Côte d'Azur,13,Bouches-du-Rhône,NN,Etablissement non employeur
Fonds de solidarité,VOLET1,2618,660,7805067.00,93,Provence-Alpes-Côte d'Azur,05,Hautes-Alpes,00,0 salarié
Fonds de solidarité,VOLET1,5480,1418,19624434.00,93,Provence-Alpes-Côte d'Azur,05,Hautes-Alpes,01,1 ou 2 salariés
Fonds de solidarité,VOLET1,2441,602,12044831.00,93,Provence-Alpes-Côte d'Azur,05,Hautes-Alpes,02,3 à 5 salariés
Fonds de solidarité,VOLET1,855,240,5664333.00,93,Provence-Alpes-Côte d'Azur,05,Hautes-Alpes,03,6 à 9 salariés
Fonds de solidarité,VOLET1,396,116,4003835.00,93,Provence-Alpes-Côte d'Azur,05,Hautes-Alpes,11,10 à 19 salariés
Fonds de solidarité,VOLET1,90,33,2032878.00,93,Provence-Alpes-Côte d'Azur,05,Hautes-Alpes,12,20 à 49 salariés
Fonds de solidarité,VOLET1,4103,977,7504626.00,93,Provence-Alpes-Côte d'Azur,05,Hautes-Alpes,NN,Etablissement non employeur
Fonds de solidarité,VOLET1,16686,4299,44909634.00,93,Provence-Alpes-Côte d'Azur,83,Var,00,0 salarié
Fonds de solidarité,VOLET1,30972,8725,93478746.00,93,Provence-Alpes-Côte d'Azur,83,Var,01,1 ou 2 salariés
Fonds de solidarité,VOLET1,9578,2790,40926442.00,93,Provence-Alpes-Côte d'Azur,83,Var,02,3 à 5 salariés
Fonds de solidarité,VOLET1,2904,856,16839099.00,93,Provence-Alpes-Côte d'Azur,83,Var,03,6 à 9 salariés
Fonds de solidarité,VOLET1,1053,353,10910266.00,93,Provence-Alpes-Côte d'Azur,83,Var,11,10 à 19 salariés
Fonds de solidarité,VOLET1,330,132,9262242.00,93,Provence-Alpes-Côte d'Azur,83,Var,12,20 à 49 salariés
Fonds de solidarité,VOLET1,20,12,1547414.00,93,Provence-Alpes-Côte d'Azur,83,Var,21,50 à 99 salariés
Fonds de solidarité,VOLET1,8953,2658,14835284.00,93,Provence-Alpes-Côte d'Azur,83,Var,NN,Etablissement non employeur
Fonds de solidarité,VOLET1,7140,1812,18740846.00,93,Provence-Alpes-Côte d'Azur,84,Vaucluse,00,0 salarié
Fonds de solidarité,VOLET1,17792,4716,53136803.00,93,Provence-Alpes-Côte d'Azur,84,Vaucluse,01,1 ou 2 salariés
Fonds de solidarité,VOLET1,5244,1492,20940563.00,93,Provence-Alpes-Côte d'Azur,84,Vaucluse,02,3 à 5 salariés
Fonds de solidarité,VOLET1,1485,457,8110224.00,93,Provence-Alpes-Côte d'Azur,84,Vaucluse,03,6 à 9 salariés
Fonds de solidarité,VOLET1,553,171,5159786.00,93,Provence-Alpes-Côte d'Azur,84,Vaucluse,11,10 à 19 salariés
Fonds de solidarité,VOLET1,139,62,3441880.00,93,Provence-Alpes-Côte d'Azur,84,Vaucluse,12,20 à 49 salariés
Fonds de solidarité,VOLET1,17,7,958449.00,93,Provence-Alpes-Côte d'Azur,84,Vaucluse,21,50 à 99 salariés
Fonds de solidarité,VOLET1,5086,1498,8439008.00,93,Provence-Alpes-Côte d'Azur,84,Vaucluse,NN,Etablissement non employeur
