dispositif,volet,nombre_aides,montant_total,reg,libelle_region,dep,libelle_departement,code_categorie_juridique,libelle_categorie_juridique
Fonds de solidarité,VOLET1,9076,11617973.00,84,Auvergne-Rhône-Alpes,01,Ain,10,Entrepreneur individuel
Fonds de solidarité,VOLET1,6,8579.00,84,Auvergne-Rhône-Alpes,01,Ain,22,Société créée de fait
Fonds de solidarité,VOLET1,26,39000.00,84,Auvergne-Rhône-Alpes,01,Ain,52,Société en nom collectif
Fonds de solidarité,VOLET1,3804,5614138.00,84,Auvergne-Rhône-Alpes,01,Ain,54,Société à responsabilité limitée (SARL)
Fonds de solidarité,VOLET1,4,6000.00,84,Auvergne-Rhône-Alpes,01,Ain,55,Société anonyme à conseil d'administration
Fonds de solidarité,VOLET1,1884,2740904.00,84,Auvergne-Rhône-Alpes,01,Ain,57,Société par actions simplifiée
Fonds de solidarité,VOLET1,93,134786.00,84,Auvergne-Rhône-Alpes,01,Ain,65,Société civile
Fonds de solidarité,VOLET1,4,5600.00,84,Auvergne-Rhône-Alpes,01,Ain,84,Organisme professionnel
Fonds de solidarité,VOLET1,97,136922.00,84,Auvergne-Rhône-Alpes,01,Ain,92,Association loi 1901 ou assimilé
Fonds de solidarité,VOLET1,6320,8047329.00,84,Auvergne-Rhône-Alpes,03,Allier,10,Entrepreneur individuel
Fonds de solidarité,VOLET1,7,8402.00,84,Auvergne-Rhône-Alpes,03,Allier,21,Indivision
Fonds de solidarité,VOLET1,23,32633.00,84,Auvergne-Rhône-Alpes,03,Allier,52,Société en nom collectif
Fonds de solidarité,VOLET1,2058,3027469.00,84,Auvergne-Rhône-Alpes,03,Allier,54,Société à responsabilité limitée (SARL)
Fonds de solidarité,VOLET1,5,7500.00,84,Auvergne-Rhône-Alpes,03,Allier,55,Société anonyme à conseil d'administration
Fonds de solidarité,VOLET1,855,1234710.00,84,Auvergne-Rhône-Alpes,03,Allier,57,Société par actions simplifiée
Fonds de solidarité,VOLET1,154,217271.00,84,Auvergne-Rhône-Alpes,03,Allier,65,Société civile
Fonds de solidarité,VOLET1,65,88569.00,84,Auvergne-Rhône-Alpes,03,Allier,92,Association loi 1901 ou assimilé
Fonds de solidarité,VOLET1,8320,10403913.00,84,Auvergne-Rhône-Alpes,07,Ardèche,10,Entrepreneur individuel
Fonds de solidarité,VOLET1,15,22393.00,84,Auvergne-Rhône-Alpes,07,Ardèche,22,Société créée de fait
Fonds de solidarité,VOLET1,17,25179.00,84,Auvergne-Rhône-Alpes,07,Ardèche,52,Société en nom collectif
Fonds de solidarité,VOLET1,3050,4498575.00,84,Auvergne-Rhône-Alpes,07,Ardèche,54,Société à responsabilité limitée (SARL)
Fonds de solidarité,VOLET1,4,6000.00,84,Auvergne-Rhône-Alpes,07,Ardèche,55,Société anonyme à conseil d'administration
Fonds de solidarité,VOLET1,991,1429258.00,84,Auvergne-Rhône-Alpes,07,Ardèche,57,Société par actions simplifiée
Fonds de solidarité,VOLET1,152,210907.00,84,Auvergne-Rhône-Alpes,07,Ardèche,65,Société civile
Fonds de solidarité,VOLET1,117,163117.00,84,Auvergne-Rhône-Alpes,07,Ardèche,92,Association loi 1901 ou assimilé
Fonds de solidarité,VOLET1,3229,4284589.00,84,Auvergne-Rhône-Alpes,15,Cantal,10,Entrepreneur individuel
Fonds de solidarité,VOLET1,22,33000.00,84,Auvergne-Rhône-Alpes,15,Cantal,52,Société en nom collectif
Fonds de solidarité,VOLET1,993,1454715.00,84,Auvergne-Rhône-Alpes,15,Cantal,54,Société à responsabilité limitée (SARL)
Fonds de solidarité,VOLET1,3,4500.00,84,Auvergne-Rhône-Alpes,15,Cantal,55,Société anonyme à conseil d'administration
Fonds de solidarité,VOLET1,325,474655.00,84,Auvergne-Rhône-Alpes,15,Cantal,57,Société par actions simplifiée
Fonds de solidarité,VOLET1,230,331769.00,84,Auvergne-Rhône-Alpes,15,Cantal,65,Société civile
Fonds de solidarité,VOLET1,4,6000.00,84,Auvergne-Rhône-Alpes,15,Cantal,84,Organisme professionnel
Fonds de solidarité,VOLET1,58,79067.00,84,Auvergne-Rhône-Alpes,15,Cantal,92,Association loi 1901 ou assimilé
Fonds de solidarité,VOLET1,12942,16229537.00,84,Auvergne-Rhône-Alpes,26,Drôme,10,Entrepreneur individuel
Fonds de solidarité,VOLET1,8,11840.00,84,Auvergne-Rhône-Alpes,26,Drôme,22,Société créée de fait
Fonds de solidarité,VOLET1,24,36000.00,84,Auvergne-Rhône-Alpes,26,Drôme,52,Société en nom collectif
Fonds de solidarité,VOLET1,4,5820.00,84,Auvergne-Rhône-Alpes,26,Drôme,53,Société en commandite
Fonds de solidarité,VOLET1,5053,7459246.00,84,Auvergne-Rhône-Alpes,26,Drôme,54,Société à responsabilité limitée (SARL)
Fonds de solidarité,VOLET1,9,13500.00,84,Auvergne-Rhône-Alpes,26,Drôme,55,Société anonyme à conseil d'administration
Fonds de solidarité,VOLET1,2379,3466115.00,84,Auvergne-Rhône-Alpes,26,Drôme,57,Société par actions simplifiée
Fonds de solidarité,VOLET1,6,9000.00,84,Auvergne-Rhône-Alpes,26,Drôme,62,Groupement d'intérêt économique
Fonds de solidarité,VOLET1,148,216060.00,84,Auvergne-Rhône-Alpes,26,Drôme,65,Société civile
Fonds de solidarité,VOLET1,152,216160.00,84,Auvergne-Rhône-Alpes,26,Drôme,92,Association loi 1901 ou assimilé
Fonds de solidarité,VOLET1,4952,6428210.00,84,Auvergne-Rhône-Alpes,43,Haute-Loire,10,Entrepreneur individuel
Fonds de solidarité,VOLET1,5,7500.00,84,Auvergne-Rhône-Alpes,43,Haute-Loire,22,Société créée de fait
Fonds de solidarité,VOLET1,45,67486.00,84,Auvergne-Rhône-Alpes,43,Haute-Loire,52,Société en nom collectif
Fonds de solidarité,VOLET1,1713,2508851.00,84,Auvergne-Rhône-Alpes,43,Haute-Loire,54,Société à responsabilité limitée (SARL)
Fonds de solidarité,VOLET1,6,9000.00,84,Auvergne-Rhône-Alpes,43,Haute-Loire,55,Société anonyme à conseil d'administration
Fonds de solidarité,VOLET1,619,891364.00,84,Auvergne-Rhône-Alpes,43,Haute-Loire,57,Société par actions simplifiée
Fonds de solidarité,VOLET1,90,127849.00,84,Auvergne-Rhône-Alpes,43,Haute-Loire,65,Société civile
Fonds de solidarité,VOLET1,93,130215.00,84,Auvergne-Rhône-Alpes,43,Haute-Loire,92,Association loi 1901 ou assimilé
Fonds de solidarité,VOLET1,21082,27625512.00,84,Auvergne-Rhône-Alpes,74,Haute-Savoie,10,Entrepreneur individuel
Fonds de solidarité,VOLET1,27,30291.00,84,Auvergne-Rhône-Alpes,74,Haute-Savoie,21,Indivision
Fonds de solidarité,VOLET1,51,74798.00,84,Auvergne-Rhône-Alpes,74,Haute-Savoie,22,Société créée de fait
Fonds de solidarité,VOLET1,39,58500.00,84,Auvergne-Rhône-Alpes,74,Haute-Savoie,52,Société en nom collectif
Fonds de solidarité,VOLET1,7852,11608328.00,84,Auvergne-Rhône-Alpes,74,Haute-Savoie,54,Société à responsabilité limitée (SARL)
Fonds de solidarité,VOLET1,5,7500.00,84,Auvergne-Rhône-Alpes,74,Haute-Savoie,55,Société anonyme à conseil d'administration
Fonds de solidarité,VOLET1,2991,4359427.00,84,Auvergne-Rhône-Alpes,74,Haute-Savoie,57,Société par actions simplifiée
Fonds de solidarité,VOLET1,3,4320.00,84,Auvergne-Rhône-Alpes,74,Haute-Savoie,62,Groupement d'intérêt économique
Fonds de solidarité,VOLET1,150,210956.00,84,Auvergne-Rhône-Alpes,74,Haute-Savoie,65,Société civile
Fonds de solidarité,VOLET1,4,6000.00,84,Auvergne-Rhône-Alpes,74,Haute-Savoie,84,Organisme professionnel
Fonds de solidarité,VOLET1,105,147135.00,84,Auvergne-Rhône-Alpes,74,Haute-Savoie,92,Association loi 1901 ou assimilé
Fonds de solidarité,VOLET1,27020,34979511.00,84,Auvergne-Rhône-Alpes,38,Isère,10,Entrepreneur individuel
Fonds de solidarité,VOLET1,12,14410.00,84,Auvergne-Rhône-Alpes,38,Isère,21,Indivision
Fonds de solidarité,VOLET1,14,20984.00,84,Auvergne-Rhône-Alpes,38,Isère,22,Société créée de fait
Fonds de solidarité,VOLET1,43,63561.00,84,Auvergne-Rhône-Alpes,38,Isère,52,Société en nom collectif
Fonds de solidarité,VOLET1,11742,17331626.00,84,Auvergne-Rhône-Alpes,38,Isère,54,Société à responsabilité limitée (SARL)
Fonds de solidarité,VOLET1,10,15000.00,84,Auvergne-Rhône-Alpes,38,Isère,55,Société anonyme à conseil d'administration
Fonds de solidarité,VOLET1,5574,8113219.00,84,Auvergne-Rhône-Alpes,38,Isère,57,Société par actions simplifiée
Fonds de solidarité,VOLET1,175,248833.00,84,Auvergne-Rhône-Alpes,38,Isère,65,Société civile
Fonds de solidarité,VOLET1,229,326957.00,84,Auvergne-Rhône-Alpes,38,Isère,92,Association loi 1901 ou assimilé
Fonds de solidarité,VOLET1,14639,18787480.00,84,Auvergne-Rhône-Alpes,42,Loire,10,Entrepreneur individuel
Fonds de solidarité,VOLET1,16,22071.00,84,Auvergne-Rhône-Alpes,42,Loire,22,Société créée de fait
Fonds de solidarité,VOLET1,64,94648.00,84,Auvergne-Rhône-Alpes,42,Loire,52,Société en nom collectif
Fonds de solidarité,VOLET1,5598,8279807.00,84,Auvergne-Rhône-Alpes,42,Loire,54,Société à responsabilité limitée (SARL)
Fonds de solidarité,VOLET1,7,10500.00,84,Auvergne-Rhône-Alpes,42,Loire,55,Société anonyme à conseil d'administration
Fonds de solidarité,VOLET1,2971,4331913.00,84,Auvergne-Rhône-Alpes,42,Loire,57,Société par actions simplifiée
Fonds de solidarité,VOLET1,171,248786.00,84,Auvergne-Rhône-Alpes,42,Loire,65,Société civile
Fonds de solidarité,VOLET1,243,340057.00,84,Auvergne-Rhône-Alpes,42,Loire,92,Association loi 1901 ou assimilé
Fonds de solidarité,VOLET1,12614,16033449.00,84,Auvergne-Rhône-Alpes,63,Puy-de-Dôme,10,Entrepreneur individuel
Fonds de solidarité,VOLET1,10,9224.00,84,Auvergne-Rhône-Alpes,63,Puy-de-Dôme,21,Indivision
Fonds de solidarité,VOLET1,13,17035.00,84,Auvergne-Rhône-Alpes,63,Puy-de-Dôme,22,Société créée de fait
Fonds de solidarité,VOLET1,28,42000.00,84,Auvergne-Rhône-Alpes,63,Puy-de-Dôme,52,Société en nom collectif
Fonds de solidarité,VOLET1,5708,8403985.00,84,Auvergne-Rhône-Alpes,63,Puy-de-Dôme,54,Société à responsabilité limitée (SARL)
Fonds de solidarité,VOLET1,4,6000.00,84,Auvergne-Rhône-Alpes,63,Puy-de-Dôme,55,Société anonyme à conseil d'administration
Fonds de solidarité,VOLET1,1959,2814957.00,84,Auvergne-Rhône-Alpes,63,Puy-de-Dôme,57,Société par actions simplifiée
Fonds de solidarité,VOLET1,4,4490.00,84,Auvergne-Rhône-Alpes,63,Puy-de-Dôme,62,Groupement d'intérêt économique
Fonds de solidarité,VOLET1,114,161426.00,84,Auvergne-Rhône-Alpes,63,Puy-de-Dôme,65,Société civile
Fonds de solidarité,VOLET1,160,227752.00,84,Auvergne-Rhône-Alpes,63,Puy-de-Dôme,92,Association loi 1901 ou assimilé
Fonds de solidarité,VOLET1,41204,53259178.00,84,Auvergne-Rhône-Alpes,69,Rhône,10,Entrepreneur individuel
Fonds de solidarité,VOLET1,21,25198.00,84,Auvergne-Rhône-Alpes,69,Rhône,21,Indivision
Fonds de solidarité,VOLET1,19,27274.00,84,Auvergne-Rhône-Alpes,69,Rhône,22,Société créée de fait
Fonds de solidarité,VOLET1,76,112585.00,84,Auvergne-Rhône-Alpes,69,Rhône,52,Société en nom collectif
Fonds de solidarité,VOLET1,4,6000.00,84,Auvergne-Rhône-Alpes,69,Rhône,53,Société en commandite
Fonds de solidarité,VOLET1,19350,28610955.00,84,Auvergne-Rhône-Alpes,69,Rhône,54,Société à responsabilité limitée (SARL)
Fonds de solidarité,VOLET1,21,31500.00,84,Auvergne-Rhône-Alpes,69,Rhône,55,Société anonyme à conseil d'administration
Fonds de solidarité,VOLET1,11972,17386850.00,84,Auvergne-Rhône-Alpes,69,Rhône,57,Société par actions simplifiée
Fonds de solidarité,VOLET1,7,10500.00,84,Auvergne-Rhône-Alpes,69,Rhône,62,Groupement d'intérêt économique
Fonds de solidarité,VOLET1,3,4500.00,84,Auvergne-Rhône-Alpes,69,Rhône,63,Société coopérative agricole
Fonds de solidarité,VOLET1,345,490189.00,84,Auvergne-Rhône-Alpes,69,Rhône,65,Société civile
Fonds de solidarité,VOLET1,3,4500.00,84,Auvergne-Rhône-Alpes,69,Rhône,84,Organisme professionnel
Fonds de solidarité,VOLET1,672,950707.00,84,Auvergne-Rhône-Alpes,69,Rhône,92,Association loi 1901 ou assimilé
Fonds de solidarité,VOLET1,17006,22805071.00,84,Auvergne-Rhône-Alpes,73,Savoie,10,Entrepreneur individuel
Fonds de solidarité,VOLET1,50,63259.00,84,Auvergne-Rhône-Alpes,73,Savoie,21,Indivision
Fonds de solidarité,VOLET1,23,33904.00,84,Auvergne-Rhône-Alpes,73,Savoie,22,Société créée de fait
Fonds de solidarité,VOLET1,54,81000.00,84,Auvergne-Rhône-Alpes,73,Savoie,52,Société en nom collectif
Fonds de solidarité,VOLET1,6236,9230664.00,84,Auvergne-Rhône-Alpes,73,Savoie,54,Société à responsabilité limitée (SARL)
Fonds de solidarité,VOLET1,7,10290.00,84,Auvergne-Rhône-Alpes,73,Savoie,55,Société anonyme à conseil d'administration
Fonds de solidarité,VOLET1,1936,2841772.00,84,Auvergne-Rhône-Alpes,73,Savoie,57,Société par actions simplifiée
Fonds de solidarité,VOLET1,120,167591.00,84,Auvergne-Rhône-Alpes,73,Savoie,65,Société civile
Fonds de solidarité,VOLET1,5,6500.00,84,Auvergne-Rhône-Alpes,73,Savoie,84,Organisme professionnel
Fonds de solidarité,VOLET1,113,163126.00,84,Auvergne-Rhône-Alpes,73,Savoie,92,Association loi 1901 ou assimilé
Fonds de solidarité,VOLET1,9049,11491511.00,27,Bourgogne-Franche-Comté,21,Côte-d'Or,10,Entrepreneur individuel
Fonds de solidarité,VOLET1,16,21891.00,27,Bourgogne-Franche-Comté,21,Côte-d'Or,21,Indivision
Fonds de solidarité,VOLET1,23,34500.00,27,Bourgogne-Franche-Comté,21,Côte-d'Or,52,Société en nom collectif
Fonds de solidarité,VOLET1,4962,7315961.00,27,Bourgogne-Franche-Comté,21,Côte-d'Or,54,Société à responsabilité limitée (SARL)
Fonds de solidarité,VOLET1,3,4500.00,27,Bourgogne-Franche-Comté,21,Côte-d'Or,55,Société anonyme à conseil d'administration
Fonds de solidarité,VOLET1,1316,1898212.00,27,Bourgogne-Franche-Comté,21,Côte-d'Or,57,Société par actions simplifiée
Fonds de solidarité,VOLET1,3,4500.00,27,Bourgogne-Franche-Comté,21,Côte-d'Or,62,Groupement d'intérêt économique
Fonds de solidarité,VOLET1,177,247448.00,27,Bourgogne-Franche-Comté,21,Côte-d'Or,65,Société civile
Fonds de solidarité,VOLET1,159,226132.00,27,Bourgogne-Franche-Comté,21,Côte-d'Or,92,Association loi 1901 ou assimilé
Fonds de solidarité,VOLET1,7932,10180425.00,27,Bourgogne-Franche-Comté,25,Doubs,10,Entrepreneur individuel
Fonds de solidarité,VOLET1,4,6000.00,27,Bourgogne-Franche-Comté,25,Doubs,21,Indivision
Fonds de solidarité,VOLET1,6,9000.00,27,Bourgogne-Franche-Comté,25,Doubs,22,Société créée de fait
Fonds de solidarité,VOLET1,27,40500.00,27,Bourgogne-Franche-Comté,25,Doubs,52,Société en nom collectif
Fonds de solidarité,VOLET1,4065,5994714.00,27,Bourgogne-Franche-Comté,25,Doubs,54,Société à responsabilité limitée (SARL)
Fonds de solidarité,VOLET1,5,7500.00,27,Bourgogne-Franche-Comté,25,Doubs,55,Société anonyme à conseil d'administration
Fonds de solidarité,VOLET1,1189,1727853.00,27,Bourgogne-Franche-Comté,25,Doubs,57,Société par actions simplifiée
Fonds de solidarité,VOLET1,3,4500.00,27,Bourgogne-Franche-Comté,25,Doubs,62,Groupement d'intérêt économique
Fonds de solidarité,VOLET1,57,79240.00,27,Bourgogne-Franche-Comté,25,Doubs,65,Société civile
Fonds de solidarité,VOLET1,135,196254.00,27,Bourgogne-Franche-Comté,25,Doubs,92,Association loi 1901 ou assimilé
Fonds de solidarité,VOLET1,3657,4587233.00,27,Bourgogne-Franche-Comté,70,Haute-Saône,10,Entrepreneur individuel
Fonds de solidarité,VOLET1,4,6000.00,27,Bourgogne-Franche-Comté,70,Haute-Saône,22,Société créée de fait
Fonds de solidarité,VOLET1,8,12000.00,27,Bourgogne-Franche-Comté,70,Haute-Saône,52,Société en nom collectif
Fonds de solidarité,VOLET1,1339,1987438.00,27,Bourgogne-Franche-Comté,70,Haute-Saône,54,Société à responsabilité limitée (SARL)
Fonds de solidarité,VOLET1,420,609845.00,27,Bourgogne-Franche-Comté,70,Haute-Saône,57,Société par actions simplifiée
Fonds de solidarité,VOLET1,44,58613.00,27,Bourgogne-Franche-Comté,70,Haute-Saône,65,Société civile
Fonds de solidarité,VOLET1,25,36515.00,27,Bourgogne-Franche-Comté,70,Haute-Saône,92,Association loi 1901 ou assimilé
Fonds de solidarité,VOLET1,4517,5722531.00,27,Bourgogne-Franche-Comté,39,Jura,10,Entrepreneur individuel
Fonds de solidarité,VOLET1,15,22500.00,27,Bourgogne-Franche-Comté,39,Jura,52,Société en nom collectif
Fonds de solidarité,VOLET1,1815,2675590.00,27,Bourgogne-Franche-Comté,39,Jura,54,Société à responsabilité limitée (SARL)
Fonds de solidarité,VOLET1,876,1273462.00,27,Bourgogne-Franche-Comté,39,Jura,57,Société par actions simplifiée
Fonds de solidarité,VOLET1,89,124678.00,27,Bourgogne-Franche-Comté,39,Jura,65,Société civile
Fonds de solidarité,VOLET1,54,76525.00,27,Bourgogne-Franche-Comté,39,Jura,92,Association loi 1901 ou assimilé
Fonds de solidarité,VOLET1,3403,4372982.00,27,Bourgogne-Franche-Comté,58,Nièvre,10,Entrepreneur individuel
Fonds de solidarité,VOLET1,27,39237.00,27,Bourgogne-Franche-Comté,58,Nièvre,52,Société en nom collectif
Fonds de solidarité,VOLET1,1315,1930935.00,27,Bourgogne-Franche-Comté,58,Nièvre,54,Société à responsabilité limitée (SARL)
Fonds de solidarité,VOLET1,411,599225.00,27,Bourgogne-Franche-Comté,58,Nièvre,57,Société par actions simplifiée
Fonds de solidarité,VOLET1,61,82913.00,27,Bourgogne-Franche-Comté,58,Nièvre,65,Société civile
Fonds de solidarité,VOLET1,44,56820.00,27,Bourgogne-Franche-Comté,58,Nièvre,92,Association loi 1901 ou assimilé
Fonds de solidarité,VOLET1,9501,12172627.00,27,Bourgogne-Franche-Comté,71,Saône-et-Loire,10,Entrepreneur individuel
Fonds de solidarité,VOLET1,8,11515.00,27,Bourgogne-Franche-Comté,71,Saône-et-Loire,21,Indivision
Fonds de solidarité,VOLET1,5,7500.00,27,Bourgogne-Franche-Comté,71,Saône-et-Loire,22,Société créée de fait
Fonds de solidarité,VOLET1,26,36374.00,27,Bourgogne-Franche-Comté,71,Saône-et-Loire,52,Société en nom collectif
Fonds de solidarité,VOLET1,4055,5971284.00,27,Bourgogne-Franche-Comté,71,Saône-et-Loire,54,Société à responsabilité limitée (SARL)
Fonds de solidarité,VOLET1,1332,1933695.00,27,Bourgogne-Franche-Comté,71,Saône-et-Loire,57,Société par actions simplifiée
Fonds de solidarité,VOLET1,262,379399.00,27,Bourgogne-Franche-Comté,71,Saône-et-Loire,65,Société civile
Fonds de solidarité,VOLET1,149,211596.00,27,Bourgogne-Franche-Comté,71,Saône-et-Loire,92,Association loi 1901 ou assimilé
Fonds de solidarité,VOLET1,1805,2313762.00,27,Bourgogne-Franche-Comté,90,Territoire de Belfort,10,Entrepreneur individuel
Fonds de solidarité,VOLET1,5,6650.00,27,Bourgogne-Franche-Comté,90,Territoire de Belfort,52,Société en nom collectif
Fonds de solidarité,VOLET1,959,1415799.00,27,Bourgogne-Franche-Comté,90,Territoire de Belfort,54,Société à responsabilité limitée (SARL)
Fonds de solidarité,VOLET1,3,4500.00,27,Bourgogne-Franche-Comté,90,Territoire de Belfort,55,Société anonyme à conseil d'administration
Fonds de solidarité,VOLET1,353,510711.00,27,Bourgogne-Franche-Comté,90,Territoire de Belfort,57,Société par actions simplifiée
Fonds de solidarité,VOLET1,14,17420.00,27,Bourgogne-Franche-Comté,90,Territoire de Belfort,65,Société civile
Fonds de solidarité,VOLET1,15,22300.00,27,Bourgogne-Franche-Comté,90,Territoire de Belfort,92,Association loi 1901 ou assimilé
Fonds de solidarité,VOLET1,5471,6955493.00,27,Bourgogne-Franche-Comté,89,Yonne,10,Entrepreneur individuel
Fonds de solidarité,VOLET1,3,4500.00,27,Bourgogne-Franche-Comté,89,Yonne,22,Société créée de fait
Fonds de solidarité,VOLET1,26,37480.00,27,Bourgogne-Franche-Comté,89,Yonne,52,Société en nom collectif
Fonds de solidarité,VOLET1,2148,3176739.00,27,Bourgogne-Franche-Comté,89,Yonne,54,Société à responsabilité limitée (SARL)
Fonds de solidarité,VOLET1,945,1382760.00,27,Bourgogne-Franche-Comté,89,Yonne,57,Société par actions simplifiée
Fonds de solidarité,VOLET1,93,133296.00,27,Bourgogne-Franche-Comté,89,Yonne,65,Société civile
Fonds de solidarité,VOLET1,76,107526.00,27,Bourgogne-Franche-Comté,89,Yonne,92,Association loi 1901 ou assimilé
Fonds de solidarité,VOLET1,10520,13495864.00,53,Bretagne,22,Côtes-d'Armor,10,Entrepreneur individuel
Fonds de solidarité,VOLET1,12,17886.00,53,Bretagne,22,Côtes-d'Armor,22,Société créée de fait
Fonds de solidarité,VOLET1,96,142266.00,53,Bretagne,22,Côtes-d'Armor,52,Société en nom collectif
Fonds de solidarité,VOLET1,4912,7260488.00,53,Bretagne,22,Côtes-d'Armor,54,Société à responsabilité limitée (SARL)
Fonds de solidarité,VOLET1,750,1073109.00,53,Bretagne,22,Côtes-d'Armor,57,Société par actions simplifiée
Fonds de solidarité,VOLET1,143,192017.00,53,Bretagne,22,Côtes-d'Armor,65,Société civile
Fonds de solidarité,VOLET1,168,232390.00,53,Bretagne,22,Côtes-d'Armor,92,Association loi 1901 ou assimilé
Fonds de solidarité,VOLET1,15859,20440779.00,53,Bretagne,29,Finistère,10,Entrepreneur individuel
Fonds de solidarité,VOLET1,12,15053.00,53,Bretagne,29,Finistère,21,Indivision
Fonds de solidarité,VOLET1,11,15273.00,53,Bretagne,29,Finistère,22,Société créée de fait
Fonds de solidarité,VOLET1,156,229952.00,53,Bretagne,29,Finistère,52,Société en nom collectif
Fonds de solidarité,VOLET1,6832,10089628.00,53,Bretagne,29,Finistère,54,Société à responsabilité limitée (SARL)
Fonds de solidarité,VOLET1,7,10500.00,53,Bretagne,29,Finistère,55,Société anonyme à conseil d'administration
Fonds de solidarité,VOLET1,1617,2350540.00,53,Bretagne,29,Finistère,57,Société par actions simplifiée
Fonds de solidarité,VOLET1,147,209997.00,53,Bretagne,29,Finistère,65,Société civile
Fonds de solidarité,VOLET1,150,210145.00,53,Bretagne,29,Finistère,92,Association loi 1901 ou assimilé
Fonds de solidarité,VOLET1,16735,21564304.00,53,Bretagne,35,Ille-et-Vilaine,10,Entrepreneur individuel
Fonds de solidarité,VOLET1,8,9499.00,53,Bretagne,35,Ille-et-Vilaine,21,Indivision
Fonds de solidarité,VOLET1,3,3857.00,53,Bretagne,35,Ille-et-Vilaine,22,Société créée de fait
Fonds de solidarité,VOLET1,106,158017.00,53,Bretagne,35,Ille-et-Vilaine,52,Société en nom collectif
Fonds de solidarité,VOLET1,9548,14110139.00,53,Bretagne,35,Ille-et-Vilaine,54,Société à responsabilité limitée (SARL)
Fonds de solidarité,VOLET1,4,6000.00,53,Bretagne,35,Ille-et-Vilaine,55,Société anonyme à conseil d'administration
Fonds de solidarité,VOLET1,1575,2265900.00,53,Bretagne,35,Ille-et-Vilaine,57,Société par actions simplifiée
Fonds de solidarité,VOLET1,186,257691.00,53,Bretagne,35,Ille-et-Vilaine,65,Société civile
Fonds de solidarité,VOLET1,226,325317.00,53,Bretagne,35,Ille-et-Vilaine,92,Association loi 1901 ou assimilé
Fonds de solidarité,VOLET1,14790,18988137.00,53,Bretagne,56,Morbihan,10,Entrepreneur individuel
Fonds de solidarité,VOLET1,7,7914.00,53,Bretagne,56,Morbihan,21,Indivision
Fonds de solidarité,VOLET1,25,36028.00,53,Bretagne,56,Morbihan,22,Société créée de fait
Fonds de solidarité,VOLET1,100,150000.00,53,Bretagne,56,Morbihan,52,Société en nom collectif
Fonds de solidarité,VOLET1,3,4500.00,53,Bretagne,56,Morbihan,53,Société en commandite
Fonds de solidarité,VOLET1,7273,10728665.00,53,Bretagne,56,Morbihan,54,Société à responsabilité limitée (SARL)
Fonds de solidarité,VOLET1,1546,2226601.00,53,Bretagne,56,Morbihan,57,Société par actions simplifiée
Fonds de solidarité,VOLET1,226,325187.00,53,Bretagne,56,Morbihan,65,Société civile
Fonds de solidarité,VOLET1,138,195177.00,53,Bretagne,56,Morbihan,92,Association loi 1901 ou assimilé
Fonds de solidarité,VOLET1,4745,6038213.00,24,Centre-Val de Loire,18,Cher,10,Entrepreneur individuel
Fonds de solidarité,VOLET1,20,30000.00,24,Centre-Val de Loire,18,Cher,52,Société en nom collectif
Fonds de solidarité,VOLET1,1695,2502142.00,24,Centre-Val de Loire,18,Cher,54,Société à responsabilité limitée (SARL)
Fonds de solidarité,VOLET1,4,6000.00,24,Centre-Val de Loire,18,Cher,55,Société anonyme à conseil d'administration
Fonds de solidarité,VOLET1,576,837688.00,24,Centre-Val de Loire,18,Cher,57,Société par actions simplifiée
Fonds de solidarité,VOLET1,101,138566.00,24,Centre-Val de Loire,18,Cher,65,Société civile
Fonds de solidarité,VOLET1,34,46004.00,24,Centre-Val de Loire,18,Cher,92,Association loi 1901 ou assimilé
Fonds de solidarité,VOLET1,5923,7650926.00,24,Centre-Val de Loire,28,Eure-et-Loir,10,Entrepreneur individuel
Fonds de solidarité,VOLET1,4,6000.00,24,Centre-Val de Loire,28,Eure-et-Loir,22,Société créée de fait
Fonds de solidarité,VOLET1,35,51270.00,24,Centre-Val de Loire,28,Eure-et-Loir,52,Société en nom collectif
Fonds de solidarité,VOLET1,2727,4028453.00,24,Centre-Val de Loire,28,Eure-et-Loir,54,Société à responsabilité limitée (SARL)
Fonds de solidarité,VOLET1,1303,1892186.00,24,Centre-Val de Loire,28,Eure-et-Loir,57,Société par actions simplifiée
Fonds de solidarité,VOLET1,60,83694.00,24,Centre-Val de Loire,28,Eure-et-Loir,65,Société civile
Fonds de solidarité,VOLET1,38,54348.00,24,Centre-Val de Loire,28,Eure-et-Loir,92,Association loi 1901 ou assimilé
Fonds de solidarité,VOLET1,3362,4243628.00,24,Centre-Val de Loire,36,Indre,10,Entrepreneur individuel
Fonds de solidarité,VOLET1,5,5937.00,24,Centre-Val de Loire,36,Indre,22,Société créée de fait
Fonds de solidarité,VOLET1,23,34116.00,24,Centre-Val de Loire,36,Indre,52,Société en nom collectif
Fonds de solidarité,VOLET1,1282,1889818.00,24,Centre-Val de Loire,36,Indre,54,Société à responsabilité limitée (SARL)
Fonds de solidarité,VOLET1,431,629564.00,24,Centre-Val de Loire,36,Indre,57,Société par actions simplifiée
Fonds de solidarité,VOLET1,86,120312.00,24,Centre-Val de Loire,36,Indre,65,Société civile
Fonds de solidarité,VOLET1,48,69481.00,24,Centre-Val de Loire,36,Indre,92,Association loi 1901 ou assimilé
Fonds de solidarité,VOLET1,10843,13848150.00,24,Centre-Val de Loire,37,Indre-et-Loire,10,Entrepreneur individuel
Fonds de solidarité,VOLET1,8,10294.00,24,Centre-Val de Loire,37,Indre-et-Loire,22,Société créée de fait
Fonds de solidarité,VOLET1,40,60000.00,24,Centre-Val de Loire,37,Indre-et-Loire,52,Société en nom collectif
Fonds de solidarité,VOLET1,5006,7382079.00,24,Centre-Val de Loire,37,Indre-et-Loire,54,Société à responsabilité limitée (SARL)
Fonds de solidarité,VOLET1,1448,2095639.00,24,Centre-Val de Loire,37,Indre-et-Loire,57,Société par actions simplifiée
Fonds de solidarité,VOLET1,272,386876.00,24,Centre-Val de Loire,37,Indre-et-Loire,65,Société civile
Fonds de solidarité,VOLET1,132,186036.00,24,Centre-Val de Loire,37,Indre-et-Loire,92,Association loi 1901 ou assimilé
Fonds de solidarité,VOLET1,5576,7106928.00,24,Centre-Val de Loire,41,Loir-et-Cher,10,Entrepreneur individuel
Fonds de solidarité,VOLET1,8,5519.00,24,Centre-Val de Loire,41,Loir-et-Cher,21,Indivision
Fonds de solidarité,VOLET1,26,39000.00,24,Centre-Val de Loire,41,Loir-et-Cher,52,Société en nom collectif
Fonds de solidarité,VOLET1,2526,3720250.00,24,Centre-Val de Loire,41,Loir-et-Cher,54,Société à responsabilité limitée (SARL)
Fonds de solidarité,VOLET1,746,1079651.00,24,Centre-Val de Loire,41,Loir-et-Cher,57,Société par actions simplifiée
Fonds de solidarité,VOLET1,123,169906.00,24,Centre-Val de Loire,41,Loir-et-Cher,65,Société civile
Fonds de solidarité,VOLET1,62,90792.00,24,Centre-Val de Loire,41,Loir-et-Cher,92,Association loi 1901 ou assimilé
Fonds de solidarité,VOLET1,9545,12017636.00,24,Centre-Val de Loire,45,Loiret,10,Entrepreneur individuel
Fonds de solidarité,VOLET1,6,8241.00,24,Centre-Val de Loire,45,Loiret,22,Société créée de fait
Fonds de solidarité,VOLET1,46,67195.00,24,Centre-Val de Loire,45,Loiret,52,Société en nom collectif
Fonds de solidarité,VOLET1,4553,6726318.00,24,Centre-Val de Loire,45,Loiret,54,Société à responsabilité limitée (SARL)
Fonds de solidarité,VOLET1,2028,2956503.00,24,Centre-Val de Loire,45,Loiret,57,Société par actions simplifiée
Fonds de solidarité,VOLET1,84,120681.00,24,Centre-Val de Loire,45,Loiret,65,Société civile
Fonds de solidarité,VOLET1,101,141424.00,24,Centre-Val de Loire,45,Loiret,92,Association loi 1901 ou assimilé
Fonds de solidarité,VOLET1,4730,6187864.00,94,Corse,2A,Corse-du-Sud,10,Entrepreneur individuel
Fonds de solidarité,VOLET1,9,11055.00,94,Corse,2A,Corse-du-Sud,21,Indivision
Fonds de solidarité,VOLET1,11,16430.00,94,Corse,2A,Corse-du-Sud,52,Société en nom collectif
Fonds de solidarité,VOLET1,1971,2895480.00,94,Corse,2A,Corse-du-Sud,54,Société à responsabilité limitée (SARL)
Fonds de solidarité,VOLET1,1208,1759456.00,94,Corse,2A,Corse-du-Sud,57,Société par actions simplifiée
Fonds de solidarité,VOLET1,100,139698.00,94,Corse,2A,Corse-du-Sud,65,Société civile
Fonds de solidarité,VOLET1,42,58116.00,94,Corse,2A,Corse-du-Sud,92,Association loi 1901 ou assimilé
Fonds de solidarité,VOLET1,6294,8272916.00,94,Corse,2B,Haute-Corse,10,Entrepreneur individuel
Fonds de solidarité,VOLET1,5,6772.00,94,Corse,2B,Haute-Corse,21,Indivision
Fonds de solidarité,VOLET1,11,15225.00,94,Corse,2B,Haute-Corse,22,Société créée de fait
Fonds de solidarité,VOLET1,16,22772.00,94,Corse,2B,Haute-Corse,52,Société en nom collectif
Fonds de solidarité,VOLET1,2117,3113271.00,94,Corse,2B,Haute-Corse,54,Société à responsabilité limitée (SARL)
Fonds de solidarité,VOLET1,1555,2270717.00,94,Corse,2B,Haute-Corse,57,Société par actions simplifiée
Fonds de solidarité,VOLET1,126,174659.00,94,Corse,2B,Haute-Corse,65,Société civile
Fonds de solidarité,VOLET1,49,69068.00,94,Corse,2B,Haute-Corse,92,Association loi 1901 ou assimilé
Fonds de solidarité,VOLET1,4295,5410010.00,44,Grand Est,08,Ardennes,10,Entrepreneur individuel
Fonds de solidarité,VOLET1,5,5894.00,44,Grand Est,08,Ardennes,21,Indivision
Fonds de solidarité,VOLET1,5,6908.00,44,Grand Est,08,Ardennes,22,Société créée de fait
Fonds de solidarité,VOLET1,10,14047.00,44,Grand Est,08,Ardennes,52,Société en nom collectif
Fonds de solidarité,VOLET1,1440,2134571.00,44,Grand Est,08,Ardennes,54,Société à responsabilité limitée (SARL)
Fonds de solidarité,VOLET1,5,7500.00,44,Grand Est,08,Ardennes,55,Société anonyme à conseil d'administration
Fonds de solidarité,VOLET1,435,639299.00,44,Grand Est,08,Ardennes,57,Société par actions simplifiée
Fonds de solidarité,VOLET1,24,35542.00,44,Grand Est,08,Ardennes,65,Société civile
Fonds de solidarité,VOLET1,23,34500.00,44,Grand Est,08,Ardennes,92,Association loi 1901 ou assimilé
Fonds de solidarité,VOLET1,4499,5738248.00,44,Grand Est,10,Aube,10,Entrepreneur individuel
Fonds de solidarité,VOLET1,3,4500.00,44,Grand Est,10,Aube,22,Société créée de fait
Fonds de solidarité,VOLET1,46,68061.00,44,Grand Est,10,Aube,52,Société en nom collectif
Fonds de solidarité,VOLET1,1975,2911550.00,44,Grand Est,10,Aube,54,Société à responsabilité limitée (SARL)
Fonds de solidarité,VOLET1,766,1099820.00,44,Grand Est,10,Aube,57,Société par actions simplifiée
Fonds de solidarité,VOLET1,63,88300.00,44,Grand Est,10,Aube,65,Société civile
Fonds de solidarité,VOLET1,41,55371.00,44,Grand Est,10,Aube,92,Association loi 1901 ou assimilé
Fonds de solidarité,VOLET1,17762,22683377.00,44,Grand Est,67,Bas-Rhin,10,Entrepreneur individuel
Fonds de solidarité,VOLET1,8,9928.00,44,Grand Est,67,Bas-Rhin,21,Indivision
Fonds de solidarité,VOLET1,3,4500.00,44,Grand Est,67,Bas-Rhin,22,Société créée de fait
Fonds de solidarité,VOLET1,9,13500.00,44,Grand Est,67,Bas-Rhin,29,Autre groupement de droit privé non doté de la personnalité morale
Fonds de solidarité,VOLET1,18,26687.00,44,Grand Est,67,Bas-Rhin,52,Société en nom collectif
Fonds de solidarité,VOLET1,10196,15053062.00,44,Grand Est,67,Bas-Rhin,54,Société à responsabilité limitée (SARL)
Fonds de solidarité,VOLET1,14,20174.00,44,Grand Est,67,Bas-Rhin,55,Société anonyme à conseil d'administration
Fonds de solidarité,VOLET1,4,6000.00,44,Grand Est,67,Bas-Rhin,56,Société anonyme à directoire
Fonds de solidarité,VOLET1,4712,6852377.00,44,Grand Est,67,Bas-Rhin,57,Société par actions simplifiée
Fonds de solidarité,VOLET1,332,487841.00,44,Grand Est,67,Bas-Rhin,65,Société civile
Fonds de solidarité,VOLET1,261,369088.00,44,Grand Est,67,Bas-Rhin,92,Association loi 1901 ou assimilé
Fonds de solidarité,VOLET1,11284,14272412.00,44,Grand Est,68,Haut-Rhin,10,Entrepreneur individuel
Fonds de solidarité,VOLET1,3,2784.00,44,Grand Est,68,Haut-Rhin,21,Indivision
Fonds de solidarité,VOLET1,19,28500.00,44,Grand Est,68,Haut-Rhin,52,Société en nom collectif
Fonds de solidarité,VOLET1,6195,9154336.00,44,Grand Est,68,Haut-Rhin,54,Société à responsabilité limitée (SARL)
Fonds de solidarité,VOLET1,8,12000.00,44,Grand Est,68,Haut-Rhin,55,Société anonyme à conseil d'administration
Fonds de solidarité,VOLET1,2828,4122243.00,44,Grand Est,68,Haut-Rhin,57,Société par actions simplifiée
Fonds de solidarité,VOLET1,315,456350.00,44,Grand Est,68,Haut-Rhin,65,Société civile
Fonds de solidarité,VOLET1,124,177704.00,44,Grand Est,68,Haut-Rhin,92,Association loi 1901 ou assimilé
Fonds de solidarité,VOLET1,2359,2989172.00,44,Grand Est,52,Haute-Marne,10,Entrepreneur individuel
Fonds de solidarité,VOLET1,3,4500.00,44,Grand Est,52,Haute-Marne,22,Société créée de fait
Fonds de solidarité,VOLET1,11,15432.00,44,Grand Est,52,Haute-Marne,52,Société en nom collectif
Fonds de solidarité,VOLET1,969,1433101.00,44,Grand Est,52,Haute-Marne,54,Société à responsabilité limitée (SARL)
Fonds de solidarité,VOLET1,372,541245.00,44,Grand Est,52,Haute-Marne,57,Société par actions simplifiée
Fonds de solidarité,VOLET1,3,3070.00,44,Grand Est,52,Haute-Marne,62,Groupement d'intérêt économique
Fonds de solidarité,VOLET1,21,31250.00,44,Grand Est,52,Haute-Marne,65,Société civile
Fonds de solidarité,VOLET1,39,54188.00,44,Grand Est,52,Haute-Marne,92,Association loi 1901 ou assimilé
Fonds de solidarité,VOLET1,8073,10210520.00,44,Grand Est,51,Marne,10,Entrepreneur individuel
Fonds de solidarité,VOLET1,3,2900.00,44,Grand Est,51,Marne,21,Indivision
Fonds de solidarité,VOLET1,4,5580.00,44,Grand Est,51,Marne,22,Société créée de fait
Fonds de solidarité,VOLET1,43,62443.00,44,Grand Est,51,Marne,52,Société en nom collectif
Fonds de solidarité,VOLET1,4110,6071029.00,44,Grand Est,51,Marne,54,Société à responsabilité limitée (SARL)
Fonds de solidarité,VOLET1,4,6000.00,44,Grand Est,51,Marne,55,Société anonyme à conseil d'administration
Fonds de solidarité,VOLET1,1500,2169949.00,44,Grand Est,51,Marne,57,Société par actions simplifiée
Fonds de solidarité,VOLET1,236,342433.00,44,Grand Est,51,Marne,65,Société civile
Fonds de solidarité,VOLET1,83,116834.00,44,Grand Est,51,Marne,92,Association loi 1901 ou assimilé
Fonds de solidarité,VOLET1,10374,13073058.00,44,Grand Est,54,Meurthe-et-Moselle,10,Entrepreneur individuel
Fonds de solidarité,VOLET1,8,11139.00,44,Grand Est,54,Meurthe-et-Moselle,22,Société créée de fait
Fonds de solidarité,VOLET1,28,41560.00,44,Grand Est,54,Meurthe-et-Moselle,52,Société en nom collectif
Fonds de solidarité,VOLET1,4720,6984639.00,44,Grand Est,54,Meurthe-et-Moselle,54,Société à responsabilité limitée (SARL)
Fonds de solidarité,VOLET1,6,9000.00,44,Grand Est,54,Meurthe-et-Moselle,55,Société anonyme à conseil d'administration
Fonds de solidarité,VOLET1,1761,2560920.00,44,Grand Est,54,Meurthe-et-Moselle,57,Société par actions simplifiée
Fonds de solidarité,VOLET1,79,112793.00,44,Grand Est,54,Meurthe-et-Moselle,65,Société civile
Fonds de solidarité,VOLET1,133,189911.00,44,Grand Est,54,Meurthe-et-Moselle,92,Association loi 1901 ou assimilé
Fonds de solidarité,VOLET1,2526,3223477.00,44,Grand Est,55,Meuse,10,Entrepreneur individuel
Fonds de solidarité,VOLET1,6,9000.00,44,Grand Est,55,Meuse,22,Société créée de fait
Fonds de solidarité,VOLET1,13,19255.00,44,Grand Est,55,Meuse,52,Société en nom collectif
Fonds de solidarité,VOLET1,878,1298555.00,44,Grand Est,55,Meuse,54,Société à responsabilité limitée (SARL)
Fonds de solidarité,VOLET1,350,512953.00,44,Grand Est,55,Meuse,57,Société par actions simplifiée
Fonds de solidarité,VOLET1,27,35310.00,44,Grand Est,55,Meuse,65,Société civile
Fonds de solidarité,VOLET1,31,45349.00,44,Grand Est,55,Meuse,92,Association loi 1901 ou assimilé
Fonds de solidarité,VOLET1,13228,16659219.00,44,Grand Est,57,Moselle,10,Entrepreneur individuel
Fonds de solidarité,VOLET1,7,10500.00,44,Grand Est,57,Moselle,22,Société créée de fait
Fonds de solidarité,VOLET1,13,19500.00,44,Grand Est,57,Moselle,52,Société en nom collectif
Fonds de solidarité,VOLET1,6144,9104702.00,44,Grand Est,57,Moselle,54,Société à responsabilité limitée (SARL)
Fonds de solidarité,VOLET1,4,6000.00,44,Grand Est,57,Moselle,55,Société anonyme à conseil d'administration
Fonds de solidarité,VOLET1,3909,5715365.00,44,Grand Est,57,Moselle,57,Société par actions simplifiée
Fonds de solidarité,VOLET1,90,127923.00,44,Grand Est,57,Moselle,65,Société civile
Fonds de solidarité,VOLET1,132,186839.00,44,Grand Est,57,Moselle,92,Association loi 1901 ou assimilé
Fonds de solidarité,VOLET1,6773,8528588.00,44,Grand Est,88,Vosges,10,Entrepreneur individuel
Fonds de solidarité,VOLET1,8,10305.00,44,Grand Est,88,Vosges,22,Société créée de fait
Fonds de solidarité,VOLET1,19,27808.00,44,Grand Est,88,Vosges,52,Société en nom collectif
Fonds de solidarité,VOLET1,3424,5037424.00,44,Grand Est,88,Vosges,54,Société à responsabilité limitée (SARL)
Fonds de solidarité,VOLET1,5,7500.00,44,Grand Est,88,Vosges,55,Société anonyme à conseil d'administration
Fonds de solidarité,VOLET1,1128,1644519.00,44,Grand Est,88,Vosges,57,Société par actions simplifiée
Fonds de solidarité,VOLET1,69,93393.00,44,Grand Est,88,Vosges,65,Société civile
Fonds de solidarité,VOLET1,74,103820.00,44,Grand Est,88,Vosges,92,Association loi 1901 ou assimilé
Fonds de solidarité,VOLET1,12648,17143001.00,01,Guadeloupe,971,Guadeloupe,10,Entrepreneur individuel
Fonds de solidarité,VOLET1,4,6000.00,01,Guadeloupe,971,Guadeloupe,22,Société créée de fait
Fonds de solidarité,VOLET1,6,9000.00,01,Guadeloupe,971,Guadeloupe,23,Société en participation
Fonds de solidarité,VOLET1,14,20256.00,01,Guadeloupe,971,Guadeloupe,52,Société en nom collectif
Fonds de solidarité,VOLET1,4052,5977759.00,01,Guadeloupe,971,Guadeloupe,54,Société à responsabilité limitée (SARL)
Fonds de solidarité,VOLET1,3,4500.00,01,Guadeloupe,971,Guadeloupe,55,Société anonyme à conseil d'administration
Fonds de solidarité,VOLET1,3179,4592705.00,01,Guadeloupe,971,Guadeloupe,57,Société par actions simplifiée
Fonds de solidarité,VOLET1,3,4500.00,01,Guadeloupe,971,Guadeloupe,62,Groupement d'intérêt économique
Fonds de solidarité,VOLET1,176,252311.00,01,Guadeloupe,971,Guadeloupe,65,Société civile
Fonds de solidarité,VOLET1,138,199962.00,01,Guadeloupe,971,Guadeloupe,92,Association loi 1901 ou assimilé
Fonds de solidarité,VOLET1,2637,3632992.00,03,Guyane,973,Guyane,10,Entrepreneur individuel
Fonds de solidarité,VOLET1,796,1170854.00,03,Guyane,973,Guyane,54,Société à responsabilité limitée (SARL)
Fonds de solidarité,VOLET1,3,4500.00,03,Guyane,973,Guyane,55,Société anonyme à conseil d'administration
Fonds de solidarité,VOLET1,954,1388291.00,03,Guyane,973,Guyane,57,Société par actions simplifiée
Fonds de solidarité,VOLET1,24,35318.00,03,Guyane,973,Guyane,65,Société civile
Fonds de solidarité,VOLET1,32,45950.00,03,Guyane,973,Guyane,92,Association loi 1901 ou assimilé
Fonds de solidarité,VOLET1,6958,8698987.00,32,Hauts-de-France,02,Aisne,10,Entrepreneur individuel
Fonds de solidarité,VOLET1,4,4891.00,32,Hauts-de-France,02,Aisne,21,Indivision
Fonds de solidarité,VOLET1,46,67666.00,32,Hauts-de-France,02,Aisne,52,Société en nom collectif
Fonds de solidarité,VOLET1,2487,3666146.00,32,Hauts-de-France,02,Aisne,54,Société à responsabilité limitée (SARL)
Fonds de solidarité,VOLET1,1136,1652286.00,32,Hauts-de-France,02,Aisne,57,Société par actions simplifiée
Fonds de solidarité,VOLET1,63,87585.00,32,Hauts-de-France,02,Aisne,65,Société civile
Fonds de solidarité,VOLET1,49,70668.00,32,Hauts-de-France,02,Aisne,92,Association loi 1901 ou assimilé
Fonds de solidarité,VOLET1,36330,45455614.00,32,Hauts-de-France,59,Nord,10,Entrepreneur individuel
Fonds de solidarité,VOLET1,3,4482.00,32,Hauts-de-France,59,Nord,21,Indivision
Fonds de solidarité,VOLET1,18,27000.00,32,Hauts-de-France,59,Nord,22,Société créée de fait
Fonds de solidarité,VOLET1,157,235435.00,32,Hauts-de-France,59,Nord,52,Société en nom collectif
Fonds de solidarité,VOLET1,16196,23858481.00,32,Hauts-de-France,59,Nord,54,Société à responsabilité limitée (SARL)
Fonds de solidarité,VOLET1,29,43500.00,32,Hauts-de-France,59,Nord,55,Société anonyme à conseil d'administration
Fonds de solidarité,VOLET1,7644,11120248.00,32,Hauts-de-France,59,Nord,57,Société par actions simplifiée
Fonds de solidarité,VOLET1,222,309751.00,32,Hauts-de-France,59,Nord,65,Société civile
Fonds de solidarité,VOLET1,337,473433.00,32,Hauts-de-France,59,Nord,92,Association loi 1901 ou assimilé
Fonds de solidarité,VOLET1,7,10500.00,32,Hauts-de-France,59,Nord,99,Autre personne morale de droit privé
Fonds de solidarité,VOLET1,11364,14484749.00,32,Hauts-de-France,60,Oise,10,Entrepreneur individuel
Fonds de solidarité,VOLET1,6,8061.00,32,Hauts-de-France,60,Oise,22,Société créée de fait
Fonds de solidarité,VOLET1,79,117444.00,32,Hauts-de-France,60,Oise,52,Société en nom collectif
Fonds de solidarité,VOLET1,4899,7243655.00,32,Hauts-de-France,60,Oise,54,Société à responsabilité limitée (SARL)
Fonds de solidarité,VOLET1,8,12000.00,32,Hauts-de-France,60,Oise,55,Société anonyme à conseil d'administration
Fonds de solidarité,VOLET1,2889,4211169.00,32,Hauts-de-France,60,Oise,57,Société par actions simplifiée
Fonds de solidarité,VOLET1,100,135676.00,32,Hauts-de-France,60,Oise,65,Société civile
Fonds de solidarité,VOLET1,70,99522.00,32,Hauts-de-France,60,Oise,92,Association loi 1901 ou assimilé
Fonds de solidarité,VOLET1,20157,24952119.00,32,Hauts-de-France,62,Pas-de-Calais,10,Entrepreneur individuel
Fonds de solidarité,VOLET1,7,7325.00,32,Hauts-de-France,62,Pas-de-Calais,21,Indivision
Fonds de solidarité,VOLET1,9,13500.00,32,Hauts-de-France,62,Pas-de-Calais,22,Société créée de fait
Fonds de solidarité,VOLET1,151,223749.00,32,Hauts-de-France,62,Pas-de-Calais,52,Société en nom collectif
Fonds de solidarité,VOLET1,7689,11335370.00,32,Hauts-de-France,62,Pas-de-Calais,54,Société à responsabilité limitée (SARL)
Fonds de solidarité,VOLET1,11,16500.00,32,Hauts-de-France,62,Pas-de-Calais,55,Société anonyme à conseil d'administration
Fonds de solidarité,VOLET1,3144,4579078.00,32,Hauts-de-France,62,Pas-de-Calais,57,Société par actions simplifiée
Fonds de solidarité,VOLET1,164,215399.00,32,Hauts-de-France,62,Pas-de-Calais,65,Société civile
Fonds de solidarité,VOLET1,146,207168.00,32,Hauts-de-France,62,Pas-de-Calais,92,Association loi 1901 ou assimilé
Fonds de solidarité,VOLET1,8542,10623686.00,32,Hauts-de-France,80,Somme,10,Entrepreneur individuel
Fonds de solidarité,VOLET1,7,8551.00,32,Hauts-de-France,80,Somme,21,Indivision
Fonds de solidarité,VOLET1,5,7500.00,32,Hauts-de-France,80,Somme,22,Société créée de fait
Fonds de solidarité,VOLET1,57,82029.00,32,Hauts-de-France,80,Somme,52,Société en nom collectif
Fonds de solidarité,VOLET1,2837,4199796.00,32,Hauts-de-France,80,Somme,54,Société à responsabilité limitée (SARL)
Fonds de solidarité,VOLET1,1243,1802156.00,32,Hauts-de-France,80,Somme,57,Société par actions simplifiée
Fonds de solidarité,VOLET1,71,102502.00,32,Hauts-de-France,80,Somme,65,Société civile
Fonds de solidarité,VOLET1,130,182024.00,32,Hauts-de-France,80,Somme,92,Association loi 1901 ou assimilé
Fonds de solidarité,VOLET1,23648,31942778.00,04,La Réunion,974,La Réunion,10,Entrepreneur individuel
Fonds de solidarité,VOLET1,11,14653.00,04,La Réunion,974,La Réunion,21,Indivision
Fonds de solidarité,VOLET1,13,18423.00,04,La Réunion,974,La Réunion,22,Société créée de fait
Fonds de solidarité,VOLET1,3,4500.00,04,La Réunion,974,La Réunion,23,Société en participation
Fonds de solidarité,VOLET1,315,472500.00,04,La Réunion,974,La Réunion,52,Société en nom collectif
Fonds de solidarité,VOLET1,8698,12827778.00,04,La Réunion,974,La Réunion,54,Société à responsabilité limitée (SARL)
Fonds de solidarité,VOLET1,2217,3213092.00,04,La Réunion,974,La Réunion,57,Société par actions simplifiée
Fonds de solidarité,VOLET1,6,9000.00,04,La Réunion,974,La Réunion,62,Groupement d'intérêt économique
Fonds de solidarité,VOLET1,192,277230.00,04,La Réunion,974,La Réunion,65,Société civile
Fonds de solidarité,VOLET1,130,179066.00,04,La Réunion,974,La Réunion,92,Association loi 1901 ou assimilé
Fonds de solidarité,VOLET1,8563,11423258.00,02,Martinique,972,Martinique,10,Entrepreneur individuel
Fonds de solidarité,VOLET1,35,50906.00,02,Martinique,972,Martinique,52,Société en nom collectif
Fonds de solidarité,VOLET1,3958,5794672.00,02,Martinique,972,Martinique,54,Société à responsabilité limitée (SARL)
Fonds de solidarité,VOLET1,2445,3536367.00,02,Martinique,972,Martinique,57,Société par actions simplifiée
Fonds de solidarité,VOLET1,121,169262.00,02,Martinique,972,Martinique,65,Société civile
Fonds de solidarité,VOLET1,62,88518.00,02,Martinique,972,Martinique,92,Association loi 1901 ou assimilé
Fonds de solidarité,VOLET1,2393,3383012.00,06,Mayotte,976,Mayotte,10,Entrepreneur individuel
Fonds de solidarité,VOLET1,690,1021993.00,06,Mayotte,976,Mayotte,54,Société à responsabilité limitée (SARL)
Fonds de solidarité,VOLET1,90,132600.00,06,Mayotte,976,Mayotte,57,Société par actions simplifiée
Fonds de solidarité,VOLET1,12,18000.00,06,Mayotte,976,Mayotte,65,Société civile
Fonds de solidarité,VOLET1,11,16500.00,06,Mayotte,976,Mayotte,92,Association loi 1901 ou assimilé
Fonds de solidarité,VOLET1,13163,16815822.00,28,Normandie,14,Calvados,10,Entrepreneur individuel
Fonds de solidarité,VOLET1,3,2826.00,28,Normandie,14,Calvados,21,Indivision
Fonds de solidarité,VOLET1,12,17798.00,28,Normandie,14,Calvados,22,Société créée de fait
Fonds de solidarité,VOLET1,97,142744.00,28,Normandie,14,Calvados,52,Société en nom collectif
Fonds de solidarité,VOLET1,5858,8623811.00,28,Normandie,14,Calvados,54,Société à responsabilité limitée (SARL)
Fonds de solidarité,VOLET1,2020,2916808.00,28,Normandie,14,Calvados,57,Société par actions simplifiée
Fonds de solidarité,VOLET1,178,250406.00,28,Normandie,14,Calvados,65,Société civile
Fonds de solidarité,VOLET1,167,238716.00,28,Normandie,14,Calvados,92,Association loi 1901 ou assimilé
Fonds de solidarité,VOLET1,8845,11246346.00,28,Normandie,27,Eure,10,Entrepreneur individuel
Fonds de solidarité,VOLET1,3,4500.00,28,Normandie,27,Eure,22,Société créée de fait
Fonds de solidarité,VOLET1,45,66938.00,28,Normandie,27,Eure,52,Société en nom collectif
Fonds de solidarité,VOLET1,3850,5686040.00,28,Normandie,27,Eure,54,Société à responsabilité limitée (SARL)
Fonds de solidarité,VOLET1,1640,2376144.00,28,Normandie,27,Eure,57,Société par actions simplifiée
Fonds de solidarité,VOLET1,100,142137.00,28,Normandie,27,Eure,65,Société civile
Fonds de solidarité,VOLET1,87,122258.00,28,Normandie,27,Eure,92,Association loi 1901 ou assimilé
Fonds de solidarité,VOLET1,8559,11035431.00,28,Normandie,50,Manche,10,Entrepreneur individuel
Fonds de solidarité,VOLET1,6,8465.00,28,Normandie,50,Manche,21,Indivision
Fonds de solidarité,VOLET1,22,31681.00,28,Normandie,50,Manche,22,Société créée de fait
Fonds de solidarité,VOLET1,78,114777.00,28,Normandie,50,Manche,52,Société en nom collectif
Fonds de solidarité,VOLET1,3442,5089182.00,28,Normandie,50,Manche,54,Société à responsabilité limitée (SARL)
Fonds de solidarité,VOLET1,722,1054361.00,28,Normandie,50,Manche,57,Société par actions simplifiée
Fonds de solidarité,VOLET1,146,206178.00,28,Normandie,50,Manche,65,Société civile
Fonds de solidarité,VOLET1,90,127937.00,28,Normandie,50,Manche,92,Association loi 1901 ou assimilé
Fonds de solidarité,VOLET1,4645,6064793.00,28,Normandie,61,Orne,10,Entrepreneur individuel
Fonds de solidarité,VOLET1,3,4500.00,28,Normandie,61,Orne,22,Société créée de fait
Fonds de solidarité,VOLET1,31,45208.00,28,Normandie,61,Orne,52,Société en nom collectif
Fonds de solidarité,VOLET1,1654,2435984.00,28,Normandie,61,Orne,54,Société à responsabilité limitée (SARL)
Fonds de solidarité,VOLET1,532,780602.00,28,Normandie,61,Orne,57,Société par actions simplifiée
Fonds de solidarité,VOLET1,89,126669.00,28,Normandie,61,Orne,65,Société civile
Fonds de solidarité,VOLET1,43,60777.00,28,Normandie,61,Orne,92,Association loi 1901 ou assimilé
Fonds de solidarité,VOLET1,17138,21406393.00,28,Normandie,76,Seine-Maritime,10,Entrepreneur individuel
Fonds de solidarité,VOLET1,6,8804.00,28,Normandie,76,Seine-Maritime,21,Indivision
Fonds de solidarité,VOLET1,15,22220.00,28,Normandie,76,Seine-Maritime,22,Société créée de fait
Fonds de solidarité,VOLET1,83,122095.00,28,Normandie,76,Seine-Maritime,52,Société en nom collectif
Fonds de solidarité,VOLET1,7190,10612746.00,28,Normandie,76,Seine-Maritime,54,Société à responsabilité limitée (SARL)
Fonds de solidarité,VOLET1,10,15000.00,28,Normandie,76,Seine-Maritime,55,Société anonyme à conseil d'administration
Fonds de solidarité,VOLET1,2818,4110899.00,28,Normandie,76,Seine-Maritime,57,Société par actions simplifiée
Fonds de solidarité,VOLET1,133,182932.00,28,Normandie,76,Seine-Maritime,65,Société civile
Fonds de solidarité,VOLET1,222,319759.00,28,Normandie,76,Seine-Maritime,92,Association loi 1901 ou assimilé
Fonds de solidarité,VOLET1,6864,8574301.00,75,Nouvelle-Aquitaine,16,Charente,10,Entrepreneur individuel
Fonds de solidarité,VOLET1,3,4500.00,75,Nouvelle-Aquitaine,16,Charente,22,Société créée de fait
Fonds de solidarité,VOLET1,24,34775.00,75,Nouvelle-Aquitaine,16,Charente,52,Société en nom collectif
Fonds de solidarité,VOLET1,3,4500.00,75,Nouvelle-Aquitaine,16,Charente,53,Société en commandite
Fonds de solidarité,VOLET1,2445,3598603.00,75,Nouvelle-Aquitaine,16,Charente,54,Société à responsabilité limitée (SARL)
Fonds de solidarité,VOLET1,694,1012285.00,75,Nouvelle-Aquitaine,16,Charente,57,Société par actions simplifiée
Fonds de solidarité,VOLET1,46,66612.00,75,Nouvelle-Aquitaine,16,Charente,65,Société civile
Fonds de solidarité,VOLET1,81,113061.00,75,Nouvelle-Aquitaine,16,Charente,92,Association loi 1901 ou assimilé
Fonds de solidarité,VOLET1,17282,21856818.00,75,Nouvelle-Aquitaine,17,Charente-Maritime,10,Entrepreneur individuel
Fonds de solidarité,VOLET1,15,15407.00,75,Nouvelle-Aquitaine,17,Charente-Maritime,21,Indivision
Fonds de solidarité,VOLET1,17,21717.00,75,Nouvelle-Aquitaine,17,Charente-Maritime,22,Société créée de fait
Fonds de solidarité,VOLET1,72,106200.00,75,Nouvelle-Aquitaine,17,Charente-Maritime,52,Société en nom collectif
Fonds de solidarité,VOLET1,7142,10545005.00,75,Nouvelle-Aquitaine,17,Charente-Maritime,54,Société à responsabilité limitée (SARL)
Fonds de solidarité,VOLET1,14,18920.00,75,Nouvelle-Aquitaine,17,Charente-Maritime,55,Société anonyme à conseil d'administration
Fonds de solidarité,VOLET1,1926,2785045.00,75,Nouvelle-Aquitaine,17,Charente-Maritime,57,Société par actions simplifiée
Fonds de solidarité,VOLET1,4,6000.00,75,Nouvelle-Aquitaine,17,Charente-Maritime,62,Groupement d'intérêt économique
Fonds de solidarité,VOLET1,300,429867.00,75,Nouvelle-Aquitaine,17,Charente-Maritime,65,Société civile
Fonds de solidarité,VOLET1,130,182900.00,75,Nouvelle-Aquitaine,17,Charente-Maritime,92,Association loi 1901 ou assimilé
Fonds de solidarité,VOLET1,4554,5866722.00,75,Nouvelle-Aquitaine,19,Corrèze,10,Entrepreneur individuel
Fonds de solidarité,VOLET1,27,40300.00,75,Nouvelle-Aquitaine,19,Corrèze,52,Société en nom collectif
Fonds de solidarité,VOLET1,1727,2552074.00,75,Nouvelle-Aquitaine,19,Corrèze,54,Société à responsabilité limitée (SARL)
Fonds de solidarité,VOLET1,3,4500.00,75,Nouvelle-Aquitaine,19,Corrèze,55,Société anonyme à conseil d'administration
Fonds de solidarité,VOLET1,821,1188375.00,75,Nouvelle-Aquitaine,19,Corrèze,57,Société par actions simplifiée
Fonds de solidarité,VOLET1,115,158844.00,75,Nouvelle-Aquitaine,19,Corrèze,65,Société civile
Fonds de solidarité,VOLET1,60,81195.00,75,Nouvelle-Aquitaine,19,Corrèze,92,Association loi 1901 ou assimilé
Fonds de solidarité,VOLET1,2207,2736270.00,75,Nouvelle-Aquitaine,23,Creuse,10,Entrepreneur individuel
Fonds de solidarité,VOLET1,7,10500.00,75,Nouvelle-Aquitaine,23,Creuse,52,Société en nom collectif
Fonds de solidarité,VOLET1,492,723771.00,75,Nouvelle-Aquitaine,23,Creuse,54,Société à responsabilité limitée (SARL)
Fonds de solidarité,VOLET1,4,6000.00,75,Nouvelle-Aquitaine,23,Creuse,55,Société anonyme à conseil d'administration
Fonds de solidarité,VOLET1,256,375135.00,75,Nouvelle-Aquitaine,23,Creuse,57,Société par actions simplifiée
Fonds de solidarité,VOLET1,51,70751.00,75,Nouvelle-Aquitaine,23,Creuse,65,Société civile
Fonds de solidarité,VOLET1,56,71962.00,75,Nouvelle-Aquitaine,23,Creuse,92,Association loi 1901 ou assimilé
Fonds de solidarité,VOLET1,5615,7165483.00,75,Nouvelle-Aquitaine,79,Deux-Sèvres,10,Entrepreneur individuel
Fonds de solidarité,VOLET1,3,4500.00,75,Nouvelle-Aquitaine,79,Deux-Sèvres,21,Indivision
Fonds de solidarité,VOLET1,4,6000.00,75,Nouvelle-Aquitaine,79,Deux-Sèvres,22,Société créée de fait
Fonds de solidarité,VOLET1,28,42000.00,75,Nouvelle-Aquitaine,79,Deux-Sèvres,52,Société en nom collectif
Fonds de solidarité,VOLET1,2339,3464382.00,75,Nouvelle-Aquitaine,79,Deux-Sèvres,54,Société à responsabilité limitée (SARL)
Fonds de solidarité,VOLET1,454,654316.00,75,Nouvelle-Aquitaine,79,Deux-Sèvres,57,Société par actions simplifiée
Fonds de solidarité,VOLET1,82,114979.00,75,Nouvelle-Aquitaine,79,Deux-Sèvres,65,Société civile
Fonds de solidarité,VOLET1,82,116222.00,75,Nouvelle-Aquitaine,79,Deux-Sèvres,92,Association loi 1901 ou assimilé
Fonds de solidarité,VOLET1,11524,14324807.00,75,Nouvelle-Aquitaine,24,Dordogne,10,Entrepreneur individuel
Fonds de solidarité,VOLET1,3,3880.00,75,Nouvelle-Aquitaine,24,Dordogne,21,Indivision
Fonds de solidarité,VOLET1,21,31076.00,75,Nouvelle-Aquitaine,24,Dordogne,22,Société créée de fait
Fonds de solidarité,VOLET1,76,110243.00,75,Nouvelle-Aquitaine,24,Dordogne,52,Société en nom collectif
Fonds de solidarité,VOLET1,3592,5270728.00,75,Nouvelle-Aquitaine,24,Dordogne,54,Société à responsabilité limitée (SARL)
Fonds de solidarité,VOLET1,5,7500.00,75,Nouvelle-Aquitaine,24,Dordogne,55,Société anonyme à conseil d'administration
Fonds de solidarité,VOLET1,1376,1995649.00,75,Nouvelle-Aquitaine,24,Dordogne,57,Société par actions simplifiée
Fonds de solidarité,VOLET1,198,282904.00,75,Nouvelle-Aquitaine,24,Dordogne,65,Société civile
Fonds de solidarité,VOLET1,131,175936.00,75,Nouvelle-Aquitaine,24,Dordogne,92,Association loi 1901 ou assimilé
Fonds de solidarité,VOLET1,41804,53151059.00,75,Nouvelle-Aquitaine,33,Gironde,10,Entrepreneur individuel
Fonds de solidarité,VOLET1,18,20157.00,75,Nouvelle-Aquitaine,33,Gironde,21,Indivision
Fonds de solidarité,VOLET1,14,19798.00,75,Nouvelle-Aquitaine,33,Gironde,22,Société créée de fait
Fonds de solidarité,VOLET1,80,120000.00,75,Nouvelle-Aquitaine,33,Gironde,52,Société en nom collectif
Fonds de solidarité,VOLET1,17030,25116327.00,75,Nouvelle-Aquitaine,33,Gironde,54,Société à responsabilité limitée (SARL)
Fonds de solidarité,VOLET1,13,18875.00,75,Nouvelle-Aquitaine,33,Gironde,55,Société anonyme à conseil d'administration
Fonds de solidarité,VOLET1,7787,11265882.00,75,Nouvelle-Aquitaine,33,Gironde,57,Société par actions simplifiée
Fonds de solidarité,VOLET1,4,6000.00,75,Nouvelle-Aquitaine,33,Gironde,62,Groupement d'intérêt économique
Fonds de solidarité,VOLET1,1042,1501708.00,75,Nouvelle-Aquitaine,33,Gironde,65,Société civile
Fonds de solidarité,VOLET1,4,6000.00,75,Nouvelle-Aquitaine,33,Gironde,84,Organisme professionnel
Fonds de solidarité,VOLET1,420,589219.00,75,Nouvelle-Aquitaine,33,Gironde,92,Association loi 1901 ou assimilé
Fonds de solidarité,VOLET1,6499,8062570.00,75,Nouvelle-Aquitaine,87,Haute-Vienne,10,Entrepreneur individuel
Fonds de solidarité,VOLET1,12,18000.00,75,Nouvelle-Aquitaine,87,Haute-Vienne,22,Société créée de fait
Fonds de solidarité,VOLET1,35,51477.00,75,Nouvelle-Aquitaine,87,Haute-Vienne,52,Société en nom collectif
Fonds de solidarité,VOLET1,2724,4004644.00,75,Nouvelle-Aquitaine,87,Haute-Vienne,54,Société à responsabilité limitée (SARL)
Fonds de solidarité,VOLET1,3,4500.00,75,Nouvelle-Aquitaine,87,Haute-Vienne,55,Société anonyme à conseil d'administration
Fonds de solidarité,VOLET1,925,1353421.00,75,Nouvelle-Aquitaine,87,Haute-Vienne,57,Société par actions simplifiée
Fonds de solidarité,VOLET1,79,111249.00,75,Nouvelle-Aquitaine,87,Haute-Vienne,65,Société civile
Fonds de solidarité,VOLET1,62,87926.00,75,Nouvelle-Aquitaine,87,Haute-Vienne,92,Association loi 1901 ou assimilé
Fonds de solidarité,VOLET1,10783,13501310.00,75,Nouvelle-Aquitaine,40,Landes,10,Entrepreneur individuel
Fonds de solidarité,VOLET1,15,14339.00,75,Nouvelle-Aquitaine,40,Landes,21,Indivision
Fonds de solidarité,VOLET1,4,5784.00,75,Nouvelle-Aquitaine,40,Landes,22,Société créée de fait
Fonds de solidarité,VOLET1,20,30000.00,75,Nouvelle-Aquitaine,40,Landes,52,Société en nom collectif
Fonds de solidarité,VOLET1,4475,6565869.00,75,Nouvelle-Aquitaine,40,Landes,54,Société à responsabilité limitée (SARL)
Fonds de solidarité,VOLET1,3,4500.00,75,Nouvelle-Aquitaine,40,Landes,55,Société anonyme à conseil d'administration
Fonds de solidarité,VOLET1,1353,1951137.00,75,Nouvelle-Aquitaine,40,Landes,57,Société par actions simplifiée
Fonds de solidarité,VOLET1,157,223315.00,75,Nouvelle-Aquitaine,40,Landes,65,Société civile
Fonds de solidarité,VOLET1,148,201725.00,75,Nouvelle-Aquitaine,40,Landes,92,Association loi 1901 ou assimilé
Fonds de solidarité,VOLET1,7015,8780066.00,75,Nouvelle-Aquitaine,47,Lot-et-Garonne,10,Entrepreneur individuel
Fonds de solidarité,VOLET1,17,25199.00,75,Nouvelle-Aquitaine,47,Lot-et-Garonne,52,Société en nom collectif
Fonds de solidarité,VOLET1,2778,4100179.00,75,Nouvelle-Aquitaine,47,Lot-et-Garonne,54,Société à responsabilité limitée (SARL)
Fonds de solidarité,VOLET1,5,7500.00,75,Nouvelle-Aquitaine,47,Lot-et-Garonne,55,Société anonyme à conseil d'administration
Fonds de solidarité,VOLET1,1026,1484809.00,75,Nouvelle-Aquitaine,47,Lot-et-Garonne,57,Société par actions simplifiée
Fonds de solidarité,VOLET1,134,190141.00,75,Nouvelle-Aquitaine,47,Lot-et-Garonne,65,Société civile
Fonds de solidarité,VOLET1,123,169063.00,75,Nouvelle-Aquitaine,47,Lot-et-Garonne,92,Association loi 1901 ou assimilé
Fonds de solidarité,VOLET1,17535,22188713.00,75,Nouvelle-Aquitaine,64,Pyrénées-Atlantiques,10,Entrepreneur individuel
Fonds de solidarité,VOLET1,3,3253.00,75,Nouvelle-Aquitaine,64,Pyrénées-Atlantiques,21,Indivision
Fonds de solidarité,VOLET1,19,28500.00,75,Nouvelle-Aquitaine,64,Pyrénées-Atlantiques,22,Société créée de fait
Fonds de solidarité,VOLET1,65,95554.00,75,Nouvelle-Aquitaine,64,Pyrénées-Atlantiques,52,Société en nom collectif
Fonds de solidarité,VOLET1,8032,11814866.00,75,Nouvelle-Aquitaine,64,Pyrénées-Atlantiques,54,Société à responsabilité limitée (SARL)
Fonds de solidarité,VOLET1,8,12000.00,75,Nouvelle-Aquitaine,64,Pyrénées-Atlantiques,55,Société anonyme à conseil d'administration
Fonds de solidarité,VOLET1,2529,3655147.00,75,Nouvelle-Aquitaine,64,Pyrénées-Atlantiques,57,Société par actions simplifiée
Fonds de solidarité,VOLET1,4,6000.00,75,Nouvelle-Aquitaine,64,Pyrénées-Atlantiques,62,Groupement d'intérêt économique
Fonds de solidarité,VOLET1,326,469291.00,75,Nouvelle-Aquitaine,64,Pyrénées-Atlantiques,65,Société civile
Fonds de solidarité,VOLET1,275,385071.00,75,Nouvelle-Aquitaine,64,Pyrénées-Atlantiques,92,Association loi 1901 ou assimilé
Fonds de solidarité,VOLET1,7065,8879923.00,75,Nouvelle-Aquitaine,86,Vienne,10,Entrepreneur individuel
Fonds de solidarité,VOLET1,3,4500.00,75,Nouvelle-Aquitaine,86,Vienne,22,Société créée de fait
Fonds de solidarité,VOLET1,40,56561.00,75,Nouvelle-Aquitaine,86,Vienne,52,Société en nom collectif
Fonds de solidarité,VOLET1,3033,4467361.00,75,Nouvelle-Aquitaine,86,Vienne,54,Société à responsabilité limitée (SARL)
Fonds de solidarité,VOLET1,699,1002068.00,75,Nouvelle-Aquitaine,86,Vienne,57,Société par actions simplifiée
Fonds de solidarité,VOLET1,93,131557.00,75,Nouvelle-Aquitaine,86,Vienne,65,Société civile
Fonds de solidarité,VOLET1,134,188096.00,75,Nouvelle-Aquitaine,86,Vienne,92,Association loi 1901 ou assimilé
Fonds de solidarité,VOLET1,3790,4552420.00,76,Occitanie,09,Ariège,10,Entrepreneur individuel
Fonds de solidarité,VOLET1,12,17000.00,76,Occitanie,09,Ariège,52,Société en nom collectif
Fonds de solidarité,VOLET1,1011,1481709.00,76,Occitanie,09,Ariège,54,Société à responsabilité limitée (SARL)
Fonds de solidarité,VOLET1,578,833722.00,76,Occitanie,09,Ariège,57,Société par actions simplifiée
Fonds de solidarité,VOLET1,89,115995.00,76,Occitanie,09,Ariège,65,Société civile
Fonds de solidarité,VOLET1,42,57598.00,76,Occitanie,09,Ariège,92,Association loi 1901 ou assimilé
Fonds de solidarité,VOLET1,9798,12065386.00,76,Occitanie,11,Aude,10,Entrepreneur individuel
Fonds de solidarité,VOLET1,6,7653.00,76,Occitanie,11,Aude,21,Indivision
Fonds de solidarité,VOLET1,10,15000.00,76,Occitanie,11,Aude,22,Société créée de fait
Fonds de solidarité,VOLET1,22,32920.00,76,Occitanie,11,Aude,52,Société en nom collectif
Fonds de solidarité,VOLET1,3436,5050646.00,76,Occitanie,11,Aude,54,Société à responsabilité limitée (SARL)
Fonds de solidarité,VOLET1,2053,3006926.00,76,Occitanie,11,Aude,57,Société par actions simplifiée
Fonds de solidarité,VOLET1,3,3160.00,76,Occitanie,11,Aude,63,Société coopérative agricole
Fonds de solidarité,VOLET1,213,297586.00,76,Occitanie,11,Aude,65,Société civile
Fonds de solidarité,VOLET1,100,144061.00,76,Occitanie,11,Aude,92,Association loi 1901 ou assimilé
Fonds de solidarité,VOLET1,6779,8721336.00,76,Occitanie,12,Aveyron,10,Entrepreneur individuel
Fonds de solidarité,VOLET1,12,16536.00,76,Occitanie,12,Aveyron,22,Société créée de fait
Fonds de solidarité,VOLET1,46,68049.00,76,Occitanie,12,Aveyron,52,Société en nom collectif
Fonds de solidarité,VOLET1,2399,3531263.00,76,Occitanie,12,Aveyron,54,Société à responsabilité limitée (SARL)
Fonds de solidarité,VOLET1,3,4500.00,76,Occitanie,12,Aveyron,55,Société anonyme à conseil d'administration
Fonds de solidarité,VOLET1,726,1058082.00,76,Occitanie,12,Aveyron,57,Société par actions simplifiée
Fonds de solidarité,VOLET1,232,333171.00,76,Occitanie,12,Aveyron,65,Société civile
Fonds de solidarité,VOLET1,93,130769.00,76,Occitanie,12,Aveyron,92,Association loi 1901 ou assimilé
Fonds de solidarité,VOLET1,18987,23598320.00,76,Occitanie,30,Gard,10,Entrepreneur individuel
Fonds de solidarité,VOLET1,4,3440.00,76,Occitanie,30,Gard,21,Indivision
Fonds de solidarité,VOLET1,22,32350.00,76,Occitanie,30,Gard,22,Société créée de fait
Fonds de solidarité,VOLET1,45,67500.00,76,Occitanie,30,Gard,52,Société en nom collectif
Fonds de solidarité,VOLET1,8291,12209621.00,76,Occitanie,30,Gard,54,Société à responsabilité limitée (SARL)
Fonds de solidarité,VOLET1,8,12000.00,76,Occitanie,30,Gard,55,Société anonyme à conseil d'administration
Fonds de solidarité,VOLET1,3697,5369725.00,76,Occitanie,30,Gard,57,Société par actions simplifiée
Fonds de solidarité,VOLET1,279,385848.00,76,Occitanie,30,Gard,65,Société civile
Fonds de solidarité,VOLET1,247,343909.00,76,Occitanie,30,Gard,92,Association loi 1901 ou assimilé
Fonds de solidarité,VOLET1,4519,5700628.00,76,Occitanie,32,Gers,10,Entrepreneur individuel
Fonds de solidarité,VOLET1,3,4189.00,76,Occitanie,32,Gers,22,Société créée de fait
Fonds de solidarité,VOLET1,13,19500.00,76,Occitanie,32,Gers,52,Société en nom collectif
Fonds de solidarité,VOLET1,1684,2475877.00,76,Occitanie,32,Gers,54,Société à responsabilité limitée (SARL)
Fonds de solidarité,VOLET1,693,1002407.00,76,Occitanie,32,Gers,57,Société par actions simplifiée
Fonds de solidarité,VOLET1,180,254967.00,76,Occitanie,32,Gers,65,Société civile
Fonds de solidarité,VOLET1,79,113014.00,76,Occitanie,32,Gers,92,Association loi 1901 ou assimilé
Fonds de solidarité,VOLET1,31445,39522520.00,76,Occitanie,31,Haute-Garonne,10,Entrepreneur individuel
Fonds de solidarité,VOLET1,4,4637.00,76,Occitanie,31,Haute-Garonne,21,Indivision
Fonds de solidarité,VOLET1,14,19661.00,76,Occitanie,31,Haute-Garonne,22,Société créée de fait
Fonds de solidarité,VOLET1,25,37103.00,76,Occitanie,31,Haute-Garonne,52,Société en nom collectif
Fonds de solidarité,VOLET1,13449,19800541.00,76,Occitanie,31,Haute-Garonne,54,Société à responsabilité limitée (SARL)
Fonds de solidarité,VOLET1,7,10500.00,76,Occitanie,31,Haute-Garonne,55,Société anonyme à conseil d'administration
Fonds de solidarité,VOLET1,3,4500.00,76,Occitanie,31,Haute-Garonne,56,Société anonyme à directoire
Fonds de solidarité,VOLET1,7323,10624251.00,76,Occitanie,31,Haute-Garonne,57,Société par actions simplifiée
Fonds de solidarité,VOLET1,3,4500.00,76,Occitanie,31,Haute-Garonne,62,Groupement d'intérêt économique
Fonds de solidarité,VOLET1,245,343734.00,76,Occitanie,31,Haute-Garonne,65,Société civile
Fonds de solidarité,VOLET1,500,704345.00,76,Occitanie,31,Haute-Garonne,92,Association loi 1901 ou assimilé
Fonds de solidarité,VOLET1,6416,8138863.00,76,Occitanie,65,Hautes-Pyrénées,10,Entrepreneur individuel
Fonds de solidarité,VOLET1,7,8205.00,76,Occitanie,65,Hautes-Pyrénées,21,Indivision
Fonds de solidarité,VOLET1,16,23866.00,76,Occitanie,65,Hautes-Pyrénées,22,Société créée de fait
Fonds de solidarité,VOLET1,18,26659.00,76,Occitanie,65,Hautes-Pyrénées,52,Société en nom collectif
Fonds de solidarité,VOLET1,2284,3361142.00,76,Occitanie,65,Hautes-Pyrénées,54,Société à responsabilité limitée (SARL)
Fonds de solidarité,VOLET1,5,7500.00,76,Occitanie,65,Hautes-Pyrénées,55,Société anonyme à conseil d'administration
Fonds de solidarité,VOLET1,721,1054267.00,76,Occitanie,65,Hautes-Pyrénées,57,Société par actions simplifiée
Fonds de solidarité,VOLET1,65,92212.00,76,Occitanie,65,Hautes-Pyrénées,65,Société civile
Fonds de solidarité,VOLET1,5,7500.00,76,Occitanie,65,Hautes-Pyrénées,84,Organisme professionnel
Fonds de solidarité,VOLET1,100,136768.00,76,Occitanie,65,Hautes-Pyrénées,92,Association loi 1901 ou assimilé
Fonds de solidarité,VOLET1,33621,42009431.00,76,Occitanie,34,Hérault,10,Entrepreneur individuel
Fonds de solidarité,VOLET1,28,27295.00,76,Occitanie,34,Hérault,21,Indivision
Fonds de solidarité,VOLET1,21,29059.00,76,Occitanie,34,Hérault,22,Société créée de fait
Fonds de solidarité,VOLET1,5,7500.00,76,Occitanie,34,Hérault,23,Société en participation
Fonds de solidarité,VOLET1,3,4500.00,76,Occitanie,34,Hérault,29,Autre groupement de droit privé non doté de la personnalité morale
Fonds de solidarité,VOLET1,52,76341.00,76,Occitanie,34,Hérault,52,Société en nom collectif
Fonds de solidarité,VOLET1,14107,20798888.00,76,Occitanie,34,Hérault,54,Société à responsabilité limitée (SARL)
Fonds de solidarité,VOLET1,8,12000.00,76,Occitanie,34,Hérault,55,Société anonyme à conseil d'administration
Fonds de solidarité,VOLET1,8487,12335819.00,76,Occitanie,34,Hérault,57,Société par actions simplifiée
Fonds de solidarité,VOLET1,4,5491.00,76,Occitanie,34,Hérault,62,Groupement d'intérêt économique
Fonds de solidarité,VOLET1,508,720513.00,76,Occitanie,34,Hérault,65,Société civile
Fonds de solidarité,VOLET1,462,643042.00,76,Occitanie,34,Hérault,92,Association loi 1901 ou assimilé
Fonds de solidarité,VOLET1,4,6000.00,76,Occitanie,34,Hérault,99,Autre personne morale de droit privé
Fonds de solidarité,VOLET1,4486,5602727.00,76,Occitanie,46,Lot,10,Entrepreneur individuel
Fonds de solidarité,VOLET1,21,30359.00,76,Occitanie,46,Lot,52,Société en nom collectif
Fonds de solidarité,VOLET1,1563,2288299.00,76,Occitanie,46,Lot,54,Société à responsabilité limitée (SARL)
Fonds de solidarité,VOLET1,636,932006.00,76,Occitanie,46,Lot,57,Société par actions simplifiée
Fonds de solidarité,VOLET1,163,240605.00,76,Occitanie,46,Lot,65,Société civile
Fonds de solidarité,VOLET1,53,73424.00,76,Occitanie,46,Lot,92,Association loi 1901 ou assimilé
Fonds de solidarité,VOLET1,1690,2169542.00,76,Occitanie,48,Lozère,10,Entrepreneur individuel
Fonds de solidarité,VOLET1,25,36480.00,76,Occitanie,48,Lozère,52,Société en nom collectif
Fonds de solidarité,VOLET1,684,1009195.00,76,Occitanie,48,Lozère,54,Société à responsabilité limitée (SARL)
Fonds de solidarité,VOLET1,5,6699.00,76,Occitanie,48,Lozère,55,Société anonyme à conseil d'administration
Fonds de solidarité,VOLET1,209,303993.00,76,Occitanie,48,Lozère,57,Société par actions simplifiée
Fonds de solidarité,VOLET1,41,59410.00,76,Occitanie,48,Lozère,65,Société civile
Fonds de solidarité,VOLET1,42,57317.00,76,Occitanie,48,Lozère,92,Association loi 1901 ou assimilé
Fonds de solidarité,VOLET1,13186,16707615.00,76,Occitanie,66,Pyrénées-Orientales,10,Entrepreneur individuel
Fonds de solidarité,VOLET1,20,17457.00,76,Occitanie,66,Pyrénées-Orientales,21,Indivision
Fonds de solidarité,VOLET1,17,24388.00,76,Occitanie,66,Pyrénées-Orientales,22,Société créée de fait
Fonds de solidarité,VOLET1,20,30000.00,76,Occitanie,66,Pyrénées-Orientales,52,Société en nom collectif
Fonds de solidarité,VOLET1,4848,7115118.00,76,Occitanie,66,Pyrénées-Orientales,54,Société à responsabilité limitée (SARL)
Fonds de solidarité,VOLET1,6,9000.00,76,Occitanie,66,Pyrénées-Orientales,55,Société anonyme à conseil d'administration
Fonds de solidarité,VOLET1,2753,3992140.00,76,Occitanie,66,Pyrénées-Orientales,57,Société par actions simplifiée
Fonds de solidarité,VOLET1,4,6000.00,76,Occitanie,66,Pyrénées-Orientales,62,Groupement d'intérêt économique
Fonds de solidarité,VOLET1,200,286091.00,76,Occitanie,66,Pyrénées-Orientales,65,Société civile
Fonds de solidarité,VOLET1,123,169942.00,76,Occitanie,66,Pyrénées-Orientales,92,Association loi 1901 ou assimilé
Fonds de solidarité,VOLET1,4,6000.00,76,Occitanie,66,Pyrénées-Orientales,93,Fondation
Fonds de solidarité,VOLET1,8691,10662994.00,76,Occitanie,81,Tarn,10,Entrepreneur individuel
Fonds de solidarité,VOLET1,14,20000.00,76,Occitanie,81,Tarn,22,Société créée de fait
Fonds de solidarité,VOLET1,24,35280.00,76,Occitanie,81,Tarn,52,Société en nom collectif
Fonds de solidarité,VOLET1,3323,4872612.00,76,Occitanie,81,Tarn,54,Société à responsabilité limitée (SARL)
Fonds de solidarité,VOLET1,1412,2046063.00,76,Occitanie,81,Tarn,57,Société par actions simplifiée
Fonds de solidarité,VOLET1,4,6000.00,76,Occitanie,81,Tarn,62,Groupement d'intérêt économique
Fonds de solidarité,VOLET1,114,164615.00,76,Occitanie,81,Tarn,65,Société civile
Fonds de solidarité,VOLET1,106,145774.00,76,Occitanie,81,Tarn,92,Association loi 1901 ou assimilé
Fonds de solidarité,VOLET1,5692,7032532.00,76,Occitanie,82,Tarn-et-Garonne,10,Entrepreneur individuel
Fonds de solidarité,VOLET1,5,7500.00,76,Occitanie,82,Tarn-et-Garonne,22,Société créée de fait
Fonds de solidarité,VOLET1,14,20355.00,76,Occitanie,82,Tarn-et-Garonne,52,Société en nom collectif
Fonds de solidarité,VOLET1,2165,3194891.00,76,Occitanie,82,Tarn-et-Garonne,54,Société à responsabilité limitée (SARL)
Fonds de solidarité,VOLET1,902,1302687.00,76,Occitanie,82,Tarn-et-Garonne,57,Société par actions simplifiée
Fonds de solidarité,VOLET1,59,79272.00,76,Occitanie,82,Tarn-et-Garonne,65,Société civile
Fonds de solidarité,VOLET1,72,98250.00,76,Occitanie,82,Tarn-et-Garonne,92,Association loi 1901 ou assimilé
Fonds de solidarité,VOLET1,25250,32349362.00,52,Pays de la Loire,44,Loire-Atlantique,10,Entrepreneur individuel
Fonds de solidarité,VOLET1,9,10556.00,52,Pays de la Loire,44,Loire-Atlantique,21,Indivision
Fonds de solidarité,VOLET1,12,18000.00,52,Pays de la Loire,44,Loire-Atlantique,22,Société créée de fait
Fonds de solidarité,VOLET1,86,125369.00,52,Pays de la Loire,44,Loire-Atlantique,52,Société en nom collectif
Fonds de solidarité,VOLET1,13593,20045166.00,52,Pays de la Loire,44,Loire-Atlantique,54,Société à responsabilité limitée (SARL)
Fonds de solidarité,VOLET1,4,6000.00,52,Pays de la Loire,44,Loire-Atlantique,55,Société anonyme à conseil d'administration
Fonds de solidarité,VOLET1,3447,4981439.00,52,Pays de la Loire,44,Loire-Atlantique,57,Société par actions simplifiée
Fonds de solidarité,VOLET1,350,506798.00,52,Pays de la Loire,44,Loire-Atlantique,65,Société civile
Fonds de solidarité,VOLET1,358,507787.00,52,Pays de la Loire,44,Loire-Atlantique,92,Association loi 1901 ou assimilé
Fonds de solidarité,VOLET1,12522,15855763.00,52,Pays de la Loire,49,Maine-et-Loire,10,Entrepreneur individuel
Fonds de solidarité,VOLET1,16,23024.00,52,Pays de la Loire,49,Maine-et-Loire,22,Société créée de fait
Fonds de solidarité,VOLET1,60,87631.00,52,Pays de la Loire,49,Maine-et-Loire,52,Société en nom collectif
Fonds de solidarité,VOLET1,6445,9505623.00,52,Pays de la Loire,49,Maine-et-Loire,54,Société à responsabilité limitée (SARL)
Fonds de solidarité,VOLET1,3,4500.00,52,Pays de la Loire,49,Maine-et-Loire,55,Société anonyme à conseil d'administration
Fonds de solidarité,VOLET1,1337,1934804.00,52,Pays de la Loire,49,Maine-et-Loire,57,Société par actions simplifiée
Fonds de solidarité,VOLET1,385,560705.00,52,Pays de la Loire,49,Maine-et-Loire,65,Société civile
Fonds de solidarité,VOLET1,237,330505.00,52,Pays de la Loire,49,Maine-et-Loire,92,Association loi 1901 ou assimilé
Fonds de solidarité,VOLET1,4169,5376387.00,52,Pays de la Loire,53,Mayenne,10,Entrepreneur individuel
Fonds de solidarité,VOLET1,44,63188.00,52,Pays de la Loire,53,Mayenne,52,Société en nom collectif
Fonds de solidarité,VOLET1,1985,2944504.00,52,Pays de la Loire,53,Mayenne,54,Société à responsabilité limitée (SARL)
Fonds de solidarité,VOLET1,390,555091.00,52,Pays de la Loire,53,Mayenne,57,Société par actions simplifiée
Fonds de solidarité,VOLET1,79,116323.00,52,Pays de la Loire,53,Mayenne,65,Société civile
Fonds de solidarité,VOLET1,68,94795.00,52,Pays de la Loire,53,Mayenne,92,Association loi 1901 ou assimilé
Fonds de solidarité,VOLET1,7979,10096659.00,52,Pays de la Loire,72,Sarthe,10,Entrepreneur individuel
Fonds de solidarité,VOLET1,3,4500.00,52,Pays de la Loire,72,Sarthe,23,Société en participation
Fonds de solidarité,VOLET1,29,41130.00,52,Pays de la Loire,72,Sarthe,52,Société en nom collectif
Fonds de solidarité,VOLET1,3425,5049292.00,52,Pays de la Loire,72,Sarthe,54,Société à responsabilité limitée (SARL)
Fonds de solidarité,VOLET1,6,7649.00,52,Pays de la Loire,72,Sarthe,55,Société anonyme à conseil d'administration
Fonds de solidarité,VOLET1,824,1189676.00,52,Pays de la Loire,72,Sarthe,57,Société par actions simplifiée
Fonds de solidarité,VOLET1,85,116353.00,52,Pays de la Loire,72,Sarthe,65,Société civile
Fonds de solidarité,VOLET1,79,112590.00,52,Pays de la Loire,72,Sarthe,92,Association loi 1901 ou assimilé
Fonds de solidarité,VOLET1,11928,15262222.00,52,Pays de la Loire,85,Vendée,10,Entrepreneur individuel
Fonds de solidarité,VOLET1,26,25044.00,52,Pays de la Loire,85,Vendée,21,Indivision
Fonds de solidarité,VOLET1,9,12541.00,52,Pays de la Loire,85,Vendée,22,Société créée de fait
Fonds de solidarité,VOLET1,67,98811.00,52,Pays de la Loire,85,Vendée,52,Société en nom collectif
Fonds de solidarité,VOLET1,6669,9818089.00,52,Pays de la Loire,85,Vendée,54,Société à responsabilité limitée (SARL)
Fonds de solidarité,VOLET1,3,4500.00,52,Pays de la Loire,85,Vendée,55,Société anonyme à conseil d'administration
Fonds de solidarité,VOLET1,1271,1833615.00,52,Pays de la Loire,85,Vendée,57,Société par actions simplifiée
Fonds de solidarité,VOLET1,171,241818.00,52,Pays de la Loire,85,Vendée,65,Société civile
Fonds de solidarité,VOLET1,191,259500.00,52,Pays de la Loire,85,Vendée,92,Association loi 1901 ou assimilé
Fonds de solidarité,VOLET1,37435,48374635.00,93,Provence-Alpes-Côte d'Azur,06,Alpes-Maritimes,10,Entrepreneur individuel
Fonds de solidarité,VOLET1,19,24204.00,93,Provence-Alpes-Côte d'Azur,06,Alpes-Maritimes,21,Indivision
Fonds de solidarité,VOLET1,39,57570.00,93,Provence-Alpes-Côte d'Azur,06,Alpes-Maritimes,22,Société créée de fait
Fonds de solidarité,VOLET1,100,149700.00,93,Provence-Alpes-Côte d'Azur,06,Alpes-Maritimes,52,Société en nom collectif
Fonds de solidarité,VOLET1,4,6000.00,93,Provence-Alpes-Côte d'Azur,06,Alpes-Maritimes,53,Société en commandite
Fonds de solidarité,VOLET1,15525,22906296.00,93,Provence-Alpes-Côte d'Azur,06,Alpes-Maritimes,54,Société à responsabilité limitée (SARL)
Fonds de solidarité,VOLET1,20,27692.00,93,Provence-Alpes-Côte d'Azur,06,Alpes-Maritimes,55,Société anonyme à conseil d'administration
Fonds de solidarité,VOLET1,9900,14415194.00,93,Provence-Alpes-Côte d'Azur,06,Alpes-Maritimes,57,Société par actions simplifiée
Fonds de solidarité,VOLET1,5,7500.00,93,Provence-Alpes-Côte d'Azur,06,Alpes-Maritimes,62,Groupement d'intérêt économique
Fonds de solidarité,VOLET1,198,283028.00,93,Provence-Alpes-Côte d'Azur,06,Alpes-Maritimes,65,Société civile
Fonds de solidarité,VOLET1,335,472325.00,93,Provence-Alpes-Côte d'Azur,06,Alpes-Maritimes,92,Association loi 1901 ou assimilé
Fonds de solidarité,VOLET1,5094,6484445.00,93,Provence-Alpes-Côte d'Azur,04,Alpes-de-Haute-Provence,10,Entrepreneur individuel
Fonds de solidarité,VOLET1,3,3234.00,93,Provence-Alpes-Côte d'Azur,04,Alpes-de-Haute-Provence,21,Indivision
Fonds de solidarité,VOLET1,14,20802.00,93,Provence-Alpes-Côte d'Azur,04,Alpes-de-Haute-Provence,22,Société créée de fait
Fonds de solidarité,VOLET1,25,37500.00,93,Provence-Alpes-Côte d'Azur,04,Alpes-de-Haute-Provence,52,Société en nom collectif
Fonds de solidarité,VOLET1,1938,2842919.00,93,Provence-Alpes-Côte d'Azur,04,Alpes-de-Haute-Provence,54,Société à responsabilité limitée (SARL)
Fonds de solidarité,VOLET1,879,1272936.00,93,Provence-Alpes-Côte d'Azur,04,Alpes-de-Haute-Provence,57,Société par actions simplifiée
Fonds de solidarité,VOLET1,87,119133.00,93,Provence-Alpes-Côte d'Azur,04,Alpes-de-Haute-Provence,65,Société civile
Fonds de solidarité,VOLET1,74,102185.00,93,Provence-Alpes-Côte d'Azur,04,Alpes-de-Haute-Provence,92,Association loi 1901 ou assimilé
Fonds de solidarité,VOLET1,47964,60873674.00,93,Provence-Alpes-Côte d'Azur,13,Bouches-du-Rhône,10,Entrepreneur individuel
Fonds de solidarité,VOLET1,30,38632.00,93,Provence-Alpes-Côte d'Azur,13,Bouches-du-Rhône,21,Indivision
Fonds de solidarité,VOLET1,35,52500.00,93,Provence-Alpes-Côte d'Azur,13,Bouches-du-Rhône,22,Société créée de fait
Fonds de solidarité,VOLET1,3,4500.00,93,Provence-Alpes-Côte d'Azur,13,Bouches-du-Rhône,23,Société en participation
Fonds de solidarité,VOLET1,169,252173.00,93,Provence-Alpes-Côte d'Azur,13,Bouches-du-Rhône,52,Société en nom collectif
Fonds de solidarité,VOLET1,21583,31843588.00,93,Provence-Alpes-Côte d'Azur,13,Bouches-du-Rhône,54,Société à responsabilité limitée (SARL)
Fonds de solidarité,VOLET1,12,18000.00,93,Provence-Alpes-Côte d'Azur,13,Bouches-du-Rhône,55,Société anonyme à conseil d'administration
Fonds de solidarité,VOLET1,14983,21823101.00,93,Provence-Alpes-Côte d'Azur,13,Bouches-du-Rhône,57,Société par actions simplifiée
Fonds de solidarité,VOLET1,326,466450.00,93,Provence-Alpes-Côte d'Azur,13,Bouches-du-Rhône,65,Société civile
Fonds de solidarité,VOLET1,632,888766.00,93,Provence-Alpes-Côte d'Azur,13,Bouches-du-Rhône,92,Association loi 1901 ou assimilé
Fonds de solidarité,VOLET1,6523,8656258.00,93,Provence-Alpes-Côte d'Azur,05,Hautes-Alpes,10,Entrepreneur individuel
Fonds de solidarité,VOLET1,13,17762.00,93,Provence-Alpes-Côte d'Azur,05,Hautes-Alpes,22,Société créée de fait
Fonds de solidarité,VOLET1,28,40935.00,93,Provence-Alpes-Côte d'Azur,05,Hautes-Alpes,52,Société en nom collectif
Fonds de solidarité,VOLET1,2123,3133620.00,93,Provence-Alpes-Côte d'Azur,05,Hautes-Alpes,54,Société à responsabilité limitée (SARL)
Fonds de solidarité,VOLET1,655,958618.00,93,Provence-Alpes-Côte d'Azur,05,Hautes-Alpes,57,Société par actions simplifiée
Fonds de solidarité,VOLET1,69,94356.00,93,Provence-Alpes-Côte d'Azur,05,Hautes-Alpes,65,Société civile
Fonds de solidarité,VOLET1,6,9000.00,93,Provence-Alpes-Côte d'Azur,05,Hautes-Alpes,84,Organisme professionnel
Fonds de solidarité,VOLET1,84,118848.00,93,Provence-Alpes-Côte d'Azur,05,Hautes-Alpes,92,Association loi 1901 ou assimilé
Fonds de solidarité,VOLET1,33513,42288909.00,93,Provence-Alpes-Côte d'Azur,83,Var,10,Entrepreneur individuel
Fonds de solidarité,VOLET1,22,24555.00,93,Provence-Alpes-Côte d'Azur,83,Var,21,Indivision
Fonds de solidarité,VOLET1,29,42928.00,93,Provence-Alpes-Côte d'Azur,83,Var,22,Société créée de fait
Fonds de solidarité,VOLET1,89,133421.00,93,Provence-Alpes-Côte d'Azur,83,Var,52,Société en nom collectif
Fonds de solidarité,VOLET1,11870,17506696.00,93,Provence-Alpes-Côte d'Azur,83,Var,54,Société à responsabilité limitée (SARL)
Fonds de solidarité,VOLET1,12,18000.00,93,Provence-Alpes-Côte d'Azur,83,Var,55,Société anonyme à conseil d'administration
Fonds de solidarité,VOLET1,7748,11250927.00,93,Provence-Alpes-Côte d'Azur,83,Var,57,Société par actions simplifiée
Fonds de solidarité,VOLET1,264,371300.00,93,Provence-Alpes-Côte d'Azur,83,Var,65,Société civile
Fonds de solidarité,VOLET1,323,449339.00,93,Provence-Alpes-Côte d'Azur,83,Var,92,Association loi 1901 ou assimilé
Fonds de solidarité,VOLET1,16281,20413238.00,93,Provence-Alpes-Côte d'Azur,84,Vaucluse,10,Entrepreneur individuel
Fonds de solidarité,VOLET1,4,4871.00,93,Provence-Alpes-Côte d'Azur,84,Vaucluse,21,Indivision
Fonds de solidarité,VOLET1,9,13500.00,93,Provence-Alpes-Côte d'Azur,84,Vaucluse,22,Société créée de fait
Fonds de solidarité,VOLET1,40,59109.00,93,Provence-Alpes-Côte d'Azur,84,Vaucluse,52,Société en nom collectif
Fonds de solidarité,VOLET1,6606,9726211.00,93,Provence-Alpes-Côte d'Azur,84,Vaucluse,54,Société à responsabilité limitée (SARL)
Fonds de solidarité,VOLET1,7,10500.00,93,Provence-Alpes-Côte d'Azur,84,Vaucluse,55,Société anonyme à conseil d'administration
Fonds de solidarité,VOLET1,3719,5412774.00,93,Provence-Alpes-Côte d'Azur,84,Vaucluse,57,Société par actions simplifiée
Fonds de solidarité,VOLET1,288,420389.00,93,Provence-Alpes-Côte d'Azur,84,Vaucluse,65,Société civile
Fonds de solidarité,VOLET1,170,238170.00,93,Provence-Alpes-Côte d'Azur,84,Vaucluse,92,Association loi 1901 ou assimilé
Fonds de solidarité,VOLET1,17973,23439075.00,11,Île-de-France,91,Essonne,10,Entrepreneur individuel
Fonds de solidarité,VOLET1,4,6000.00,11,Île-de-France,91,Essonne,22,Société créée de fait
Fonds de solidarité,VOLET1,55,81888.00,11,Île-de-France,91,Essonne,52,Société en nom collectif
Fonds de solidarité,VOLET1,8272,12241353.00,11,Île-de-France,91,Essonne,54,Société à responsabilité limitée (SARL)
Fonds de solidarité,VOLET1,10,15000.00,11,Île-de-France,91,Essonne,55,Société anonyme à conseil d'administration
Fonds de solidarité,VOLET1,6685,9782870.00,11,Île-de-France,91,Essonne,57,Société par actions simplifiée
Fonds de solidarité,VOLET1,81,117778.00,11,Île-de-France,91,Essonne,65,Société civile
Fonds de solidarité,VOLET1,99,142863.00,11,Île-de-France,91,Essonne,92,Association loi 1901 ou assimilé
Fonds de solidarité,VOLET1,27649,36649933.00,11,Île-de-France,92,Hauts-de-Seine,10,Entrepreneur individuel
Fonds de solidarité,VOLET1,5,5335.00,11,Île-de-France,92,Hauts-de-Seine,21,Indivision
Fonds de solidarité,VOLET1,7,10279.00,11,Île-de-France,92,Hauts-de-Seine,22,Société créée de fait
Fonds de solidarité,VOLET1,65,97500.00,11,Île-de-France,92,Hauts-de-Seine,52,Société en nom collectif
Fonds de solidarité,VOLET1,13424,19825986.00,11,Île-de-France,92,Hauts-de-Seine,54,Société à responsabilité limitée (SARL)
Fonds de solidarité,VOLET1,17,25051.00,11,Île-de-France,92,Hauts-de-Seine,55,Société anonyme à conseil d'administration
Fonds de solidarité,VOLET1,11957,17429683.00,11,Île-de-France,92,Hauts-de-Seine,57,Société par actions simplifiée
Fonds de solidarité,VOLET1,4,6000.00,11,Île-de-France,92,Hauts-de-Seine,62,Groupement d'intérêt économique
Fonds de solidarité,VOLET1,92,127532.00,11,Île-de-France,92,Hauts-de-Seine,65,Société civile
Fonds de solidarité,VOLET1,234,328737.00,11,Île-de-France,92,Hauts-de-Seine,92,Association loi 1901 ou assimilé
Fonds de solidarité,VOLET1,68582,91172500.00,11,Île-de-France,75,Paris,10,Entrepreneur individuel
Fonds de solidarité,VOLET1,13,17224.00,11,Île-de-France,75,Paris,21,Indivision
Fonds de solidarité,VOLET1,63,93980.00,11,Île-de-France,75,Paris,22,Société créée de fait
Fonds de solidarité,VOLET1,4,6000.00,11,Île-de-France,75,Paris,29,Autre groupement de droit privé non doté de la personnalité morale
Fonds de solidarité,VOLET1,235,351616.00,11,Île-de-France,75,Paris,52,Société en nom collectif
Fonds de solidarité,VOLET1,10,14216.00,11,Île-de-France,75,Paris,53,Société en commandite
Fonds de solidarité,VOLET1,45765,67610036.00,11,Île-de-France,75,Paris,54,Société à responsabilité limitée (SARL)
Fonds de solidarité,VOLET1,121,180019.00,11,Île-de-France,75,Paris,55,Société anonyme à conseil d'administration
Fonds de solidarité,VOLET1,5,7500.00,11,Île-de-France,75,Paris,56,Société anonyme à directoire
Fonds de solidarité,VOLET1,31660,46136511.00,11,Île-de-France,75,Paris,57,Société par actions simplifiée
Fonds de solidarité,VOLET1,10,13860.00,11,Île-de-France,75,Paris,62,Groupement d'intérêt économique
Fonds de solidarité,VOLET1,388,557783.00,11,Île-de-France,75,Paris,65,Société civile
Fonds de solidarité,VOLET1,3,4222.00,11,Île-de-France,75,Paris,84,Organisme professionnel
Fonds de solidarité,VOLET1,959,1360368.00,11,Île-de-France,75,Paris,92,Association loi 1901 ou assimilé
Fonds de solidarité,VOLET1,7,10500.00,11,Île-de-France,75,Paris,99,Autre personne morale de droit privé
Fonds de solidarité,VOLET1,27142,36241734.00,11,Île-de-France,93,Seine-Saint-Denis,10,Entrepreneur individuel
Fonds de solidarité,VOLET1,4,6000.00,11,Île-de-France,93,Seine-Saint-Denis,21,Indivision
Fonds de solidarité,VOLET1,10,15000.00,11,Île-de-France,93,Seine-Saint-Denis,22,Société créée de fait
Fonds de solidarité,VOLET1,59,87838.00,11,Île-de-France,93,Seine-Saint-Denis,52,Société en nom collectif
Fonds de solidarité,VOLET1,13083,19361120.00,11,Île-de-France,93,Seine-Saint-Denis,54,Société à responsabilité limitée (SARL)
Fonds de solidarité,VOLET1,5,7500.00,11,Île-de-France,93,Seine-Saint-Denis,55,Société anonyme à conseil d'administration
Fonds de solidarité,VOLET1,12193,17871048.00,11,Île-de-France,93,Seine-Saint-Denis,57,Société par actions simplifiée
Fonds de solidarité,VOLET1,117,161749.00,11,Île-de-France,93,Seine-Saint-Denis,65,Société civile
Fonds de solidarité,VOLET1,266,380828.00,11,Île-de-France,93,Seine-Saint-Denis,92,Association loi 1901 ou assimilé
Fonds de solidarité,VOLET1,21920,28569833.00,11,Île-de-France,77,Seine-et-Marne,10,Entrepreneur individuel
Fonds de solidarité,VOLET1,9,10353.00,11,Île-de-France,77,Seine-et-Marne,21,Indivision
Fonds de solidarité,VOLET1,5,7500.00,11,Île-de-France,77,Seine-et-Marne,22,Société créée de fait
Fonds de solidarité,VOLET1,82,121799.00,11,Île-de-France,77,Seine-et-Marne,52,Société en nom collectif
Fonds de solidarité,VOLET1,9455,13980610.00,11,Île-de-France,77,Seine-et-Marne,54,Société à responsabilité limitée (SARL)
Fonds de solidarité,VOLET1,7,10500.00,11,Île-de-France,77,Seine-et-Marne,55,Société anonyme à conseil d'administration
Fonds de solidarité,VOLET1,7401,10772024.00,11,Île-de-France,77,Seine-et-Marne,57,Société par actions simplifiée
Fonds de solidarité,VOLET1,160,223094.00,11,Île-de-France,77,Seine-et-Marne,65,Société civile
Fonds de solidarité,VOLET1,126,174357.00,11,Île-de-France,77,Seine-et-Marne,92,Association loi 1901 ou assimilé
Fonds de solidarité,VOLET1,19678,26108463.00,11,Île-de-France,95,Val-d'Oise,10,Entrepreneur individuel
Fonds de solidarité,VOLET1,4,6000.00,11,Île-de-France,95,Val-d'Oise,22,Société créée de fait
Fonds de solidarité,VOLET1,84,125207.00,11,Île-de-France,95,Val-d'Oise,52,Société en nom collectif
Fonds de solidarité,VOLET1,8513,12599418.00,11,Île-de-France,95,Val-d'Oise,54,Société à responsabilité limitée (SARL)
Fonds de solidarité,VOLET1,15,22310.00,11,Île-de-France,95,Val-d'Oise,55,Société anonyme à conseil d'administration
Fonds de solidarité,VOLET1,7773,11330277.00,11,Île-de-France,95,Val-d'Oise,57,Société par actions simplifiée
Fonds de solidarité,VOLET1,71,100452.00,11,Île-de-France,95,Val-d'Oise,65,Société civile
Fonds de solidarité,VOLET1,80,115192.00,11,Île-de-France,95,Val-d'Oise,92,Association loi 1901 ou assimilé
Fonds de solidarité,VOLET1,24344,32319742.00,11,Île-de-France,94,Val-de-Marne,10,Entrepreneur individuel
Fonds de solidarité,VOLET1,10,14278.00,11,Île-de-France,94,Val-de-Marne,22,Société créée de fait
Fonds de solidarité,VOLET1,50,73583.00,11,Île-de-France,94,Val-de-Marne,52,Société en nom collectif
Fonds de solidarité,VOLET1,10465,15459958.00,11,Île-de-France,94,Val-de-Marne,54,Société à responsabilité limitée (SARL)
Fonds de solidarité,VOLET1,15,22500.00,11,Île-de-France,94,Val-de-Marne,55,Société anonyme à conseil d'administration
Fonds de solidarité,VOLET1,9651,14066739.00,11,Île-de-France,94,Val-de-Marne,57,Société par actions simplifiée
Fonds de solidarité,VOLET1,92,124846.00,11,Île-de-France,94,Val-de-Marne,65,Société civile
Fonds de solidarité,VOLET1,201,293265.00,11,Île-de-France,94,Val-de-Marne,92,Association loi 1901 ou assimilé
Fonds de solidarité,VOLET1,20928,27265122.00,11,Île-de-France,78,Yvelines,10,Entrepreneur individuel
Fonds de solidarité,VOLET1,7,10500.00,11,Île-de-France,78,Yvelines,22,Société créée de fait
Fonds de solidarité,VOLET1,67,98643.00,11,Île-de-France,78,Yvelines,52,Société en nom collectif
Fonds de solidarité,VOLET1,10057,14856503.00,11,Île-de-France,78,Yvelines,54,Société à responsabilité limitée (SARL)
Fonds de solidarité,VOLET1,16,24000.00,11,Île-de-France,78,Yvelines,55,Société anonyme à conseil d'administration
Fonds de solidarité,VOLET1,7296,10579165.00,11,Île-de-France,78,Yvelines,57,Société par actions simplifiée
Fonds de solidarité,VOLET1,4,5972.00,11,Île-de-France,78,Yvelines,62,Groupement d'intérêt économique
Fonds de solidarité,VOLET1,119,165945.00,11,Île-de-France,78,Yvelines,65,Société civile
Fonds de solidarité,VOLET1,118,164124.00,11,Île-de-France,78,Yvelines,92,Association loi 1901 ou assimilé
