dispositif,nombre_demandes_deposees,nombre_salaries_concernes,nombre_heures_demandees,nombre_etablissements_concernes,reg,libelle_region,code_section_nace17,libelle_section_nace17
Activite Partielle,1010.00,4745.00,1946175.00,950.00,84,Auvergne-Rhône-Alpes,AZ,"Agriculture, sylviculture et pêche"
Activite Partielle,3760.00,31815.00,12408835.00,3585.00,84,Auvergne-Rhône-Alpes,C1,Fabr. de denrées alimentaires - boissons et prod. à base de tabac de boissons et de produits à base de tabac
Activite Partielle,1475.00,64000.00,24426740.00,1350.00,84,Auvergne-Rhône-Alpes,C3,Fabr. d'équipements ; fabrication de machines
Activite Partielle,335.00,26985.00,13140270.00,305.00,84,Auvergne-Rhône-Alpes,C4,Fabrication de matériels de transport
Activite Partielle,9770.00,189465.00,83405200.00,9095.00,84,Auvergne-Rhône-Alpes,C5,Fabrication d'autres produits indus.
Activite Partielle,1170.00,17000.00,6380595.00,1130.00,84,Auvergne-Rhône-Alpes,DE,Industries extractives
Activite Partielle,22815.00,177925.00,84497295.00,21415.00,84,Auvergne-Rhône-Alpes,FZ,Construction
Activite Partielle,37250.00,252850.00,114078315.00,35445.00,84,Auvergne-Rhône-Alpes,GZ,Commerce
Activite Partielle,5130.00,112515.00,44720100.00,4825.00,84,Auvergne-Rhône-Alpes,HZ,Transports et entreposage
Activite Partielle,20840.00,136825.00,58274135.00,19620.00,84,Auvergne-Rhône-Alpes,IZ,Hébergement et restauration
Activite Partielle,2920.00,37200.00,14245120.00,2745.00,84,Auvergne-Rhône-Alpes,JZ,Information et communication
Activite Partielle,4605.00,20820.00,8609855.00,4340.00,84,Auvergne-Rhône-Alpes,KZ,Act. financières et d'assurance
Activite Partielle,3280.00,16475.00,6399785.00,3125.00,84,Auvergne-Rhône-Alpes,LZ,Activités immobilières
Activite Partielle,23945.00,303055.00,104280775.00,22345.00,84,Auvergne-Rhône-Alpes,MN,Act. scientif. et tech. ; services admin. et de soutien
Activite Partielle,12500.00,113285.00,34772695.00,11735.00,84,Auvergne-Rhône-Alpes,OQ,"Admin. publique - enseignement, santé humaine et action sociale"
Activite Partielle,17280.00,87340.00,28202500.00,15735.00,84,Auvergne-Rhône-Alpes,RU,Autres activités de services
Activite Partielle,625.00,2535.00,937590.00,565.00,27,Bourgogne-Franche-Comté,AZ,"Agriculture, sylviculture et pêche"
Activite Partielle,1310.00,10525.00,4201415.00,1245.00,27,Bourgogne-Franche-Comté,C1,Fabr. de denrées alimentaires - boissons et prod. à base de tabac de boissons et de produits à base de tabac
Activite Partielle,405.00,18760.00,7149530.00,365.00,27,Bourgogne-Franche-Comté,C3,Fabr. d'équipements ; fabrication de machines
Activite Partielle,135.00,34220.00,11189910.00,115.00,27,Bourgogne-Franche-Comté,C4,Fabrication de matériels de transport
Activite Partielle,3100.00,72455.00,32345545.00,2850.00,27,Bourgogne-Franche-Comté,C5,Fabrication d'autres produits indus.
Activite Partielle,430.00,5595.00,1927420.00,410.00,27,Bourgogne-Franche-Comté,DE,Industries extractives
Activite Partielle,6440.00,47240.00,21220075.00,5985.00,27,Bourgogne-Franche-Comté,FZ,Construction
Activite Partielle,11705.00,74415.00,33750065.00,11110.00,27,Bourgogne-Franche-Comté,GZ,Commerce
Activite Partielle,1535.00,33505.00,12506970.00,1450.00,27,Bourgogne-Franche-Comté,HZ,Transports et entreposage
Activite Partielle,5615.00,31250.00,13964810.00,5200.00,27,Bourgogne-Franche-Comté,IZ,Hébergement et restauration
Activite Partielle,480.00,3125.00,1199875.00,440.00,27,Bourgogne-Franche-Comté,JZ,Information et communication
Activite Partielle,1305.00,5120.00,1998270.00,1225.00,27,Bourgogne-Franche-Comté,KZ,Act. financières et d'assurance
Activite Partielle,715.00,3650.00,1257585.00,675.00,27,Bourgogne-Franche-Comté,LZ,Activités immobilières
Activite Partielle,5865.00,79305.00,24432660.00,5500.00,27,Bourgogne-Franche-Comté,MN,Act. scientif. et tech. ; services admin. et de soutien
Activite Partielle,3830.00,33440.00,9470640.00,3570.00,27,Bourgogne-Franche-Comté,OQ,"Admin. publique - enseignement, santé humaine et action sociale"
Activite Partielle,5230.00,24280.00,7993790.00,4770.00,27,Bourgogne-Franche-Comté,RU,Autres activités de services
Activite Partielle,1070.00,4980.00,2130310.00,1020.00,53,Bretagne,AZ,"Agriculture, sylviculture et pêche"
Activite Partielle,1690.00,26300.00,11560745.00,1625.00,53,Bretagne,C1,Fabr. de denrées alimentaires - boissons et prod. à base de tabac de boissons et de produits à base de tabac
Activite Partielle,330.00,13750.00,5988195.00,305.00,53,Bretagne,C3,Fabr. d'équipements ; fabrication de machines
Activite Partielle,165.00,11155.00,3999015.00,145.00,53,Bretagne,C4,Fabrication de matériels de transport
Activite Partielle,2545.00,49550.00,21963115.00,2380.00,53,Bretagne,C5,Fabrication d'autres produits indus.
Activite Partielle,410.00,5330.00,2098530.00,395.00,53,Bretagne,DE,Industries extractives
Activite Partielle,8600.00,72050.00,38105085.00,8165.00,53,Bretagne,FZ,Construction
Activite Partielle,14000.00,92145.00,45183470.00,13435.00,53,Bretagne,GZ,Commerce
Activite Partielle,1545.00,36605.00,17966055.00,1470.00,53,Bretagne,HZ,Transports et entreposage
Activite Partielle,8060.00,46290.00,21635810.00,7585.00,53,Bretagne,IZ,Hébergement et restauration
Activite Partielle,905.00,11520.00,4343820.00,825.00,53,Bretagne,JZ,Information et communication
Activite Partielle,1655.00,14145.00,5165610.00,1595.00,53,Bretagne,KZ,Act. financières et d'assurance
Activite Partielle,1165.00,5075.00,2322605.00,1125.00,53,Bretagne,LZ,Activités immobilières
Activite Partielle,8075.00,105235.00,37167655.00,7615.00,53,Bretagne,MN,Act. scientif. et tech. ; services admin. et de soutien
Activite Partielle,4600.00,39010.00,11905880.00,4335.00,53,Bretagne,OQ,"Admin. publique - enseignement, santé humaine et action sociale"
Activite Partielle,6995.00,33260.00,12217640.00,6265.00,53,Bretagne,RU,Autres activités de services
Activite Partielle,550.00,2280.00,795590.00,520.00,24,Centre-Val de Loire,AZ,"Agriculture, sylviculture et pêche"
Activite Partielle,950.00,8720.00,3821925.00,915.00,24,Centre-Val de Loire,C1,Fabr. de denrées alimentaires - boissons et prod. à base de tabac de boissons et de produits à base de tabac
Activite Partielle,365.00,18045.00,7462190.00,325.00,24,Centre-Val de Loire,C3,Fabr. d'équipements ; fabrication de machines
Activite Partielle,90.00,8395.00,3171865.00,90.00,24,Centre-Val de Loire,C4,Fabrication de matériels de transport
Activite Partielle,2310.00,48550.00,21344580.00,2185.00,24,Centre-Val de Loire,C5,Fabrication d'autres produits indus.
Activite Partielle,350.00,4710.00,1513810.00,335.00,24,Centre-Val de Loire,DE,Industries extractives
Activite Partielle,6210.00,50420.00,23907450.00,5910.00,24,Centre-Val de Loire,FZ,Construction
Activite Partielle,9405.00,63585.00,29202515.00,9015.00,24,Centre-Val de Loire,GZ,Commerce
Activite Partielle,1390.00,31755.00,11420740.00,1330.00,24,Centre-Val de Loire,HZ,Transports et entreposage
Activite Partielle,4940.00,29015.00,13156590.00,4620.00,24,Centre-Val de Loire,IZ,Hébergement et restauration
Activite Partielle,540.00,4985.00,1871395.00,505.00,24,Centre-Val de Loire,JZ,Information et communication
Activite Partielle,1150.00,4660.00,1942550.00,1095.00,24,Centre-Val de Loire,KZ,Act. financières et d'assurance
Activite Partielle,730.00,3705.00,1510765.00,700.00,24,Centre-Val de Loire,LZ,Activités immobilières
Activite Partielle,5390.00,78325.00,23546255.00,5110.00,24,Centre-Val de Loire,MN,Act. scientif. et tech. ; services admin. et de soutien
Activite Partielle,3285.00,27565.00,8855145.00,3085.00,24,Centre-Val de Loire,OQ,"Admin. publique - enseignement, santé humaine et action sociale"
Activite Partielle,5115.00,23145.00,7260370.00,4640.00,24,Centre-Val de Loire,RU,Autres activités de services
Activite Partielle,205.00,835.00,478780.00,200.00,94,Corse,AZ,"Agriculture, sylviculture et pêche"
Activite Partielle,290.00,1930.00,1065745.00,290.00,94,Corse,C1,Fabr. de denrées alimentaires - boissons et prod. à base de tabac de boissons et de produits à base de tabac
Activite Partielle,15.00,110.00,66155.00,15.00,94,Corse,C3,Fabr. d'équipements ; fabrication de machines
Activite Partielle,5.00,245.00,219995.00,5.00,94,Corse,C4,Fabrication de matériels de transport
Activite Partielle,285.00,1385.00,795505.00,280.00,94,Corse,C5,Fabrication d'autres produits indus.
Activite Partielle,60.00,510.00,325335.00,55.00,94,Corse,DE,Industries extractives
Activite Partielle,1875.00,11135.00,7209005.00,1835.00,94,Corse,FZ,Construction
Activite Partielle,2245.00,11730.00,7000800.00,2210.00,94,Corse,GZ,Commerce
Activite Partielle,345.00,4440.00,1937205.00,340.00,94,Corse,HZ,Transports et entreposage
Activite Partielle,1575.00,7795.00,4895855.00,1540.00,94,Corse,IZ,Hébergement et restauration
Activite Partielle,110.00,605.00,297170.00,105.00,94,Corse,JZ,Information et communication
Activite Partielle,240.00,1050.00,515365.00,235.00,94,Corse,KZ,Act. financières et d'assurance
Activite Partielle,280.00,800.00,494575.00,265.00,94,Corse,LZ,Activités immobilières
Activite Partielle,1175.00,7485.00,3868535.00,1145.00,94,Corse,MN,Act. scientif. et tech. ; services admin. et de soutien
Activite Partielle,555.00,4780.00,1570365.00,540.00,94,Corse,OQ,"Admin. publique - enseignement, santé humaine et action sociale"
Activite Partielle,745.00,2860.00,1628390.00,710.00,94,Corse,RU,Autres activités de services
Activite Partielle,1215.00,5220.00,2342110.00,1170.00,44,Grand Est,AZ,"Agriculture, sylviculture et pêche"
Activite Partielle,2490.00,26255.00,11717615.00,2380.00,44,Grand Est,C1,Fabr. de denrées alimentaires - boissons et prod. à base de tabac de boissons et de produits à base de tabac
Activite Partielle,740.00,38325.00,18077885.00,685.00,44,Grand Est,C3,Fabr. d'équipements ; fabrication de machines
Activite Partielle,215.00,42825.00,14415530.00,185.00,44,Grand Est,C4,Fabrication de matériels de transport
Activite Partielle,5110.00,123780.00,57081640.00,4780.00,44,Grand Est,C5,Fabrication d'autres produits indus.
Activite Partielle,800.00,10880.00,5042410.00,765.00,44,Grand Est,DE,Industries extractives
Activite Partielle,13530.00,110240.00,54658445.00,12790.00,44,Grand Est,FZ,Construction
Activite Partielle,23280.00,156180.00,75627500.00,22280.00,44,Grand Est,GZ,Commerce
Activite Partielle,3020.00,68510.00,29542065.00,2830.00,44,Grand Est,HZ,Transports et entreposage
Activite Partielle,11295.00,76380.00,36223285.00,10590.00,44,Grand Est,IZ,Hébergement et restauration
Activite Partielle,1275.00,11055.00,5242840.00,1205.00,44,Grand Est,JZ,Information et communication
Activite Partielle,2625.00,10620.00,4387530.00,2515.00,44,Grand Est,KZ,Act. financières et d'assurance
Activite Partielle,1600.00,6790.00,2951650.00,1510.00,44,Grand Est,LZ,Activités immobilières
Activite Partielle,12170.00,201595.00,53635550.00,11480.00,44,Grand Est,MN,Act. scientif. et tech. ; services admin. et de soutien
Activite Partielle,8970.00,84315.00,29384390.00,8365.00,44,Grand Est,OQ,"Admin. publique - enseignement, santé humaine et action sociale"
Activite Partielle,9455.00,47870.00,17911565.00,8700.00,44,Grand Est,RU,Autres activités de services
Activite Partielle,100.00,500.00,194990.00,90.00,01,Guadeloupe,AZ,"Agriculture, sylviculture et pêche"
Activite Partielle,390.00,2220.00,906650.00,370.00,01,Guadeloupe,C1,Fabr. de denrées alimentaires - boissons et prod. à base de tabac de boissons et de produits à base de tabac
Activite Partielle,40.00,180.00,75595.00,40.00,01,Guadeloupe,C3,Fabr. d'équipements ; fabrication de machines
Activite Partielle,5.00,30.00,13930.00,5.00,01,Guadeloupe,C4,Fabrication de matériels de transport
Activite Partielle,505.00,3020.00,1425670.00,475.00,01,Guadeloupe,C5,Fabrication d'autres produits indus.
Activite Partielle,100.00,925.00,365580.00,95.00,01,Guadeloupe,DE,Industries extractives
Activite Partielle,1265.00,7600.00,3746515.00,1185.00,01,Guadeloupe,FZ,Construction
Activite Partielle,2575.00,12135.00,5531075.00,2465.00,01,Guadeloupe,GZ,Commerce
Activite Partielle,485.00,3780.00,2048860.00,460.00,01,Guadeloupe,HZ,Transports et entreposage
Activite Partielle,1085.00,8810.00,4491120.00,1015.00,01,Guadeloupe,IZ,Hébergement et restauration
Activite Partielle,175.00,920.00,446295.00,165.00,01,Guadeloupe,JZ,Information et communication
Activite Partielle,270.00,1110.00,471935.00,260.00,01,Guadeloupe,KZ,Act. financières et d'assurance
Activite Partielle,225.00,660.00,295265.00,210.00,01,Guadeloupe,LZ,Activités immobilières
Activite Partielle,1580.00,11225.00,3983970.00,1480.00,01,Guadeloupe,MN,Act. scientif. et tech. ; services admin. et de soutien
Activite Partielle,765.00,6280.00,2331885.00,720.00,01,Guadeloupe,OQ,"Admin. publique - enseignement, santé humaine et action sociale"
Activite Partielle,715.00,2940.00,1189505.00,670.00,01,Guadeloupe,RU,Autres activités de services
Activite Partielle,35.00,115.00,47935.00,30.00,03,Guyane,AZ,"Agriculture, sylviculture et pêche"
Activite Partielle,60.00,530.00,206685.00,50.00,03,Guyane,C1,Fabr. de denrées alimentaires - boissons et prod. à base de tabac de boissons et de produits à base de tabac
Activite Partielle,5.00,45.00,11095.00,5.00,03,Guyane,C3,Fabr. d'équipements ; fabrication de machines
Activite Partielle,220.00,1420.00,586210.00,195.00,03,Guyane,C5,Fabrication d'autres produits indus.
Activite Partielle,60.00,540.00,196105.00,55.00,03,Guyane,DE,Industries extractives
Activite Partielle,380.00,2640.00,982490.00,325.00,03,Guyane,FZ,Construction
Activite Partielle,760.00,3650.00,1586355.00,680.00,03,Guyane,GZ,Commerce
Activite Partielle,180.00,1705.00,796065.00,160.00,03,Guyane,HZ,Transports et entreposage
Activite Partielle,370.00,2150.00,898105.00,300.00,03,Guyane,IZ,Hébergement et restauration
Activite Partielle,55.00,240.00,99015.00,50.00,03,Guyane,JZ,Information et communication
Activite Partielle,85.00,290.00,135735.00,75.00,03,Guyane,KZ,Act. financières et d'assurance
Activite Partielle,40.00,140.00,69370.00,40.00,03,Guyane,LZ,Activités immobilières
Activite Partielle,425.00,3700.00,1210450.00,390.00,03,Guyane,MN,Act. scientif. et tech. ; services admin. et de soutien
Activite Partielle,280.00,2000.00,759395.00,230.00,03,Guyane,OQ,"Admin. publique - enseignement, santé humaine et action sociale"
Activite Partielle,280.00,1225.00,518660.00,245.00,03,Guyane,RU,Autres activités de services
Activite Partielle,735.00,3415.00,1698190.00,640.00,32,Hauts-de-France,AZ,"Agriculture, sylviculture et pêche"
Activite Partielle,1700.00,19445.00,9163835.00,1635.00,32,Hauts-de-France,C1,Fabr. de denrées alimentaires - boissons et prod. à base de tabac de boissons et de produits à base de tabac
Activite Partielle,520.00,20545.00,10009075.00,465.00,32,Hauts-de-France,C3,Fabr. d'équipements ; fabrication de machines
Activite Partielle,190.00,48430.00,19313400.00,165.00,32,Hauts-de-France,C4,Fabrication de matériels de transport
Activite Partielle,4580.00,114300.00,61607145.00,4165.00,32,Hauts-de-France,C5,Fabrication d'autres produits indus.
Activite Partielle,625.00,11280.00,4823910.00,615.00,32,Hauts-de-France,DE,Industries extractives
Activite Partielle,11810.00,110420.00,57617245.00,11015.00,32,Hauts-de-France,FZ,Construction
Activite Partielle,20620.00,160045.00,80126125.00,19580.00,32,Hauts-de-France,GZ,Commerce
Activite Partielle,3140.00,76015.00,34673580.00,2960.00,32,Hauts-de-France,HZ,Transports et entreposage
Activite Partielle,10335.00,70750.00,35462085.00,9590.00,32,Hauts-de-France,IZ,Hébergement et restauration
Activite Partielle,1395.00,18720.00,7832865.00,1280.00,32,Hauts-de-France,JZ,Information et communication
Activite Partielle,2560.00,10580.00,4882750.00,2425.00,32,Hauts-de-France,KZ,Act. financières et d'assurance
Activite Partielle,1685.00,8195.00,3491660.00,1575.00,32,Hauts-de-France,LZ,Activités immobilières
Activite Partielle,12040.00,197345.00,68708235.00,11225.00,32,Hauts-de-France,MN,Act. scientif. et tech. ; services admin. et de soutien
Activite Partielle,7375.00,74405.00,25811505.00,6860.00,32,Hauts-de-France,OQ,"Admin. publique - enseignement, santé humaine et action sociale"
Activite Partielle,9520.00,54265.00,19720465.00,8450.00,32,Hauts-de-France,RU,Autres activités de services
Activite Partielle,175.00,1250.00,660550.00,165.00,04,La Réunion,AZ,"Agriculture, sylviculture et pêche"
Activite Partielle,460.00,4525.00,1972260.00,440.00,04,La Réunion,C1,Fabr. de denrées alimentaires - boissons et prod. à base de tabac de boissons et de produits à base de tabac
Activite Partielle,75.00,695.00,358475.00,70.00,04,La Réunion,C3,Fabr. d'équipements ; fabrication de machines
Activite Partielle,20.00,95.00,38775.00,15.00,04,La Réunion,C4,Fabrication de matériels de transport
Activite Partielle,790.00,5890.00,3046740.00,745.00,04,La Réunion,C5,Fabrication d'autres produits indus.
Activite Partielle,120.00,2105.00,848315.00,110.00,04,La Réunion,DE,Industries extractives
Activite Partielle,2160.00,16435.00,7790215.00,2020.00,04,La Réunion,FZ,Construction
Activite Partielle,3775.00,22515.00,12384925.00,3590.00,04,La Réunion,GZ,Commerce
Activite Partielle,700.00,9095.00,4967015.00,665.00,04,La Réunion,HZ,Transports et entreposage
Activite Partielle,1435.00,10120.00,5505575.00,1355.00,04,La Réunion,IZ,Hébergement et restauration
Activite Partielle,225.00,1630.00,696350.00,210.00,04,La Réunion,JZ,Information et communication
Activite Partielle,495.00,2265.00,991005.00,470.00,04,La Réunion,KZ,Act. financières et d'assurance
Activite Partielle,245.00,1100.00,512090.00,240.00,04,La Réunion,LZ,Activités immobilières
Activite Partielle,1800.00,16285.00,6484245.00,1710.00,04,La Réunion,MN,Act. scientif. et tech. ; services admin. et de soutien
Activite Partielle,1560.00,11230.00,4348015.00,1485.00,04,La Réunion,OQ,"Admin. publique - enseignement, santé humaine et action sociale"
Activite Partielle,1515.00,7700.00,2987420.00,1420.00,04,La Réunion,RU,Autres activités de services
Activite Partielle,120.00,935.00,356240.00,110.00,02,Martinique,AZ,"Agriculture, sylviculture et pêche"
Activite Partielle,220.00,1640.00,676445.00,205.00,02,Martinique,C1,Fabr. de denrées alimentaires - boissons et prod. à base de tabac de boissons et de produits à base de tabac
Activite Partielle,25.00,115.00,40950.00,25.00,02,Martinique,C3,Fabr. d'équipements ; fabrication de machines
Activite Partielle,10.00,30.00,15875.00,10.00,02,Martinique,C4,Fabrication de matériels de transport
Activite Partielle,420.00,2375.00,1256320.00,385.00,02,Martinique,C5,Fabrication d'autres produits indus.
Activite Partielle,75.00,845.00,369965.00,70.00,02,Martinique,DE,Industries extractives
Activite Partielle,815.00,5230.00,2517130.00,725.00,02,Martinique,FZ,Construction
Activite Partielle,1805.00,9615.00,5000840.00,1665.00,02,Martinique,GZ,Commerce
Activite Partielle,435.00,4530.00,2154100.00,400.00,02,Martinique,HZ,Transports et entreposage
Activite Partielle,750.00,5725.00,2861050.00,705.00,02,Martinique,IZ,Hébergement et restauration
Activite Partielle,130.00,800.00,280610.00,120.00,02,Martinique,JZ,Information et communication
Activite Partielle,270.00,1180.00,475220.00,250.00,02,Martinique,KZ,Act. financières et d'assurance
Activite Partielle,130.00,390.00,167600.00,120.00,02,Martinique,LZ,Activités immobilières
Activite Partielle,1205.00,11055.00,3929870.00,1090.00,02,Martinique,MN,Act. scientif. et tech. ; services admin. et de soutien
Activite Partielle,595.00,4830.00,1637310.00,560.00,02,Martinique,OQ,"Admin. publique - enseignement, santé humaine et action sociale"
Activite Partielle,695.00,3900.00,1718900.00,635.00,02,Martinique,RU,Autres activités de services
Activite Partielle,10.00,50.00,17820.00,10.00,06,Mayotte,AZ,"Agriculture, sylviculture et pêche"
Activite Partielle,40.00,380.00,266310.00,35.00,06,Mayotte,C1,Fabr. de denrées alimentaires - boissons et prod. à base de tabac de boissons et de produits à base de tabac
Activite Partielle,65.00,535.00,267570.00,60.00,06,Mayotte,C5,Fabrication d'autres produits indus.
Activite Partielle,10.00,385.00,143615.00,5.00,06,Mayotte,DE,Industries extractives
Activite Partielle,185.00,3005.00,1283565.00,165.00,06,Mayotte,FZ,Construction
Activite Partielle,290.00,1715.00,935680.00,260.00,06,Mayotte,GZ,Commerce
Activite Partielle,140.00,1110.00,594900.00,120.00,06,Mayotte,HZ,Transports et entreposage
Activite Partielle,160.00,915.00,367085.00,125.00,06,Mayotte,IZ,Hébergement et restauration
Activite Partielle,20.00,110.00,65680.00,20.00,06,Mayotte,JZ,Information et communication
Activite Partielle,10.00,80.00,45575.00,10.00,06,Mayotte,KZ,Act. financières et d'assurance
Activite Partielle,15.00,175.00,100285.00,15.00,06,Mayotte,LZ,Activités immobilières
Activite Partielle,215.00,1830.00,704685.00,195.00,06,Mayotte,MN,Act. scientif. et tech. ; services admin. et de soutien
Activite Partielle,145.00,1905.00,721930.00,120.00,06,Mayotte,OQ,"Admin. publique - enseignement, santé humaine et action sociale"
Activite Partielle,125.00,670.00,182330.00,105.00,06,Mayotte,RU,Autres activités de services
Activite Partielle,970.00,3605.00,1486965.00,895.00,28,Normandie,AZ,"Agriculture, sylviculture et pêche"
Activite Partielle,1500.00,13670.00,5216740.00,1435.00,28,Normandie,C1,Fabr. de denrées alimentaires - boissons et prod. à base de tabac de boissons et de produits à base de tabac
Activite Partielle,5.00,135.00,58715.00,5.00,28,Normandie,C2,Cokéfaction et raffinage
Activite Partielle,310.00,15555.00,6771960.00,285.00,28,Normandie,C3,Fabr. d'équipements ; fabrication de machines
Activite Partielle,125.00,24485.00,13255365.00,120.00,28,Normandie,C4,Fabrication de matériels de transport
Activite Partielle,2665.00,63545.00,31238160.00,2460.00,28,Normandie,C5,Fabrication d'autres produits indus.
Activite Partielle,435.00,7635.00,3297180.00,415.00,28,Normandie,DE,Industries extractives
Activite Partielle,7765.00,70815.00,37399310.00,7300.00,28,Normandie,FZ,Construction
Activite Partielle,12870.00,84715.00,41272290.00,12255.00,28,Normandie,GZ,Commerce
Activite Partielle,1750.00,44495.00,18882480.00,1630.00,28,Normandie,HZ,Transports et entreposage
Activite Partielle,6885.00,40160.00,20081925.00,6485.00,28,Normandie,IZ,Hébergement et restauration
Activite Partielle,690.00,5170.00,2216335.00,630.00,28,Normandie,JZ,Information et communication
Activite Partielle,1525.00,6870.00,2853735.00,1425.00,28,Normandie,KZ,Act. financières et d'assurance
Activite Partielle,1110.00,5265.00,2238530.00,1060.00,28,Normandie,LZ,Activités immobilières
Activite Partielle,7050.00,99550.00,34743700.00,6560.00,28,Normandie,MN,Act. scientif. et tech. ; services admin. et de soutien
Activite Partielle,4205.00,41425.00,13102835.00,3905.00,28,Normandie,OQ,"Admin. publique - enseignement, santé humaine et action sociale"
Activite Partielle,6545.00,32605.00,11149305.00,5885.00,28,Normandie,RU,Autres activités de services
Activite Partielle,2380.00,10175.00,4471750.00,2205.00,75,Nouvelle-Aquitaine,AZ,"Agriculture, sylviculture et pêche"
Activite Partielle,2925.00,26145.00,11316580.00,2790.00,75,Nouvelle-Aquitaine,C1,Fabr. de denrées alimentaires - boissons et prod. à base de tabac de boissons et de produits à base de tabac
Activite Partielle,655.00,23975.00,10812535.00,600.00,75,Nouvelle-Aquitaine,C3,Fabr. d'équipements ; fabrication de machines
Activite Partielle,245.00,25700.00,12649365.00,220.00,75,Nouvelle-Aquitaine,C4,Fabrication de matériels de transport
Activite Partielle,5470.00,93495.00,44223220.00,5055.00,75,Nouvelle-Aquitaine,C5,Fabrication d'autres produits indus.
Activite Partielle,860.00,9800.00,4145735.00,830.00,75,Nouvelle-Aquitaine,DE,Industries extractives
Activite Partielle,16535.00,121175.00,64320845.00,15695.00,75,Nouvelle-Aquitaine,FZ,Construction
Activite Partielle,27275.00,169325.00,86697335.00,26060.00,75,Nouvelle-Aquitaine,GZ,Commerce
Activite Partielle,3060.00,61045.00,26435715.00,2895.00,75,Nouvelle-Aquitaine,HZ,Transports et entreposage
Activite Partielle,13420.00,82650.00,45973240.00,12600.00,75,Nouvelle-Aquitaine,IZ,Hébergement et restauration
Activite Partielle,1680.00,16710.00,7164930.00,1575.00,75,Nouvelle-Aquitaine,JZ,Information et communication
Activite Partielle,3620.00,16610.00,7545770.00,3420.00,75,Nouvelle-Aquitaine,KZ,Act. financières et d'assurance
Activite Partielle,2895.00,10705.00,5483260.00,2755.00,75,Nouvelle-Aquitaine,LZ,Activités immobilières
Activite Partielle,15370.00,179845.00,64158600.00,14425.00,75,Nouvelle-Aquitaine,MN,Act. scientif. et tech. ; services admin. et de soutien
Activite Partielle,9050.00,79210.00,27152710.00,8380.00,75,Nouvelle-Aquitaine,OQ,"Admin. publique - enseignement, santé humaine et action sociale"
Activite Partielle,12865.00,59110.00,21712270.00,11605.00,75,Nouvelle-Aquitaine,RU,Autres activités de services
Activite Partielle,1645.00,5580.00,2348360.00,1525.00,76,Occitanie,AZ,"Agriculture, sylviculture et pêche"
Activite Partielle,2880.00,22380.00,10083255.00,2760.00,76,Occitanie,C1,Fabr. de denrées alimentaires - boissons et prod. à base de tabac de boissons et de produits à base de tabac
Activite Partielle,595.00,16885.00,8639030.00,550.00,76,Occitanie,C3,Fabr. d'équipements ; fabrication de machines
Activite Partielle,215.00,24935.00,9546440.00,190.00,76,Occitanie,C4,Fabrication de matériels de transport
Activite Partielle,4730.00,65625.00,35424620.00,4425.00,76,Occitanie,C5,Fabrication d'autres produits indus.
Activite Partielle,830.00,11010.00,4685060.00,795.00,76,Occitanie,DE,Industries extractives
Activite Partielle,16495.00,115145.00,60988485.00,15625.00,76,Occitanie,FZ,Construction
Activite Partielle,26720.00,163630.00,83137605.00,25555.00,76,Occitanie,GZ,Commerce
Activite Partielle,3110.00,57355.00,26072460.00,2965.00,76,Occitanie,HZ,Transports et entreposage
Activite Partielle,14250.00,85185.00,44970885.00,13415.00,76,Occitanie,IZ,Hébergement et restauration
Activite Partielle,1985.00,27705.00,18097050.00,1855.00,76,Occitanie,JZ,Information et communication
Activite Partielle,3505.00,15070.00,7942430.00,3345.00,76,Occitanie,KZ,Act. financières et d'assurance
Activite Partielle,2805.00,10375.00,5152605.00,2705.00,76,Occitanie,LZ,Activités immobilières
Activite Partielle,16010.00,181805.00,74593725.00,15130.00,76,Occitanie,MN,Act. scientif. et tech. ; services admin. et de soutien
Activite Partielle,9700.00,87720.00,31436505.00,9080.00,76,Occitanie,OQ,"Admin. publique - enseignement, santé humaine et action sociale"
Activite Partielle,12325.00,63525.00,24679735.00,11185.00,76,Occitanie,RU,Autres activités de services
Activite Partielle,1025.00,5220.00,2174625.00,935.00,52,Pays de la Loire,AZ,"Agriculture, sylviculture et pêche"
Activite Partielle,1665.00,23215.00,10347545.00,1600.00,52,Pays de la Loire,C1,Fabr. de denrées alimentaires - boissons et prod. à base de tabac de boissons et de produits à base de tabac
Activite Partielle,535.00,31985.00,13619740.00,490.00,52,Pays de la Loire,C3,Fabr. d'équipements ; fabrication de machines
Activite Partielle,225.00,26860.00,11567975.00,215.00,52,Pays de la Loire,C4,Fabrication de matériels de transport
Activite Partielle,3840.00,98495.00,46403535.00,3590.00,52,Pays de la Loire,C5,Fabrication d'autres produits indus.
Activite Partielle,500.00,7910.00,3274610.00,485.00,52,Pays de la Loire,DE,Industries extractives
Activite Partielle,9960.00,91180.00,49074190.00,9425.00,52,Pays de la Loire,FZ,Construction
Activite Partielle,14995.00,110400.00,55242405.00,14365.00,52,Pays de la Loire,GZ,Commerce
Activite Partielle,1725.00,49960.00,24279870.00,1635.00,52,Pays de la Loire,HZ,Transports et entreposage
Activite Partielle,7680.00,47345.00,25665380.00,7290.00,52,Pays de la Loire,IZ,Hébergement et restauration
Activite Partielle,1185.00,18555.00,7142730.00,1110.00,52,Pays de la Loire,JZ,Information et communication
Activite Partielle,1990.00,9955.00,4405065.00,1880.00,52,Pays de la Loire,KZ,Act. financières et d'assurance
Activite Partielle,1230.00,5980.00,2698340.00,1190.00,52,Pays de la Loire,LZ,Activités immobilières
Activite Partielle,9990.00,171795.00,58345150.00,9495.00,52,Pays de la Loire,MN,Act. scientif. et tech. ; services admin. et de soutien
Activite Partielle,5485.00,56180.00,18546715.00,5090.00,52,Pays de la Loire,OQ,"Admin. publique - enseignement, santé humaine et action sociale"
Activite Partielle,8785.00,42250.00,15369280.00,7935.00,52,Pays de la Loire,RU,Autres activités de services
Activite Partielle,1075.00,4445.00,2040845.00,1000.00,93,Provence-Alpes-Côte d'Azur,AZ,"Agriculture, sylviculture et pêche"
Activite Partielle,2490.00,16380.00,7452515.00,2365.00,93,Provence-Alpes-Côte d'Azur,C1,Fabr. de denrées alimentaires - boissons et prod. à base de tabac de boissons et de produits à base de tabac
Activite Partielle,5.00,415.00,80165.00,5.00,93,Provence-Alpes-Côte d'Azur,C2,Cokéfaction et raffinage
Activite Partielle,400.00,8645.00,3691965.00,390.00,93,Provence-Alpes-Côte d'Azur,C3,Fabr. d'équipements ; fabrication de machines
Activite Partielle,130.00,7290.00,2698595.00,120.00,93,Provence-Alpes-Côte d'Azur,C4,Fabrication de matériels de transport
Activite Partielle,4110.00,46640.00,20137350.00,3795.00,93,Provence-Alpes-Côte d'Azur,C5,Fabrication d'autres produits indus.
Activite Partielle,645.00,8830.00,3359920.00,615.00,93,Provence-Alpes-Côte d'Azur,DE,Industries extractives
Activite Partielle,15705.00,99185.00,47810620.00,14560.00,93,Provence-Alpes-Côte d'Azur,FZ,Construction
Activite Partielle,27525.00,160365.00,76711700.00,26045.00,93,Provence-Alpes-Côte d'Azur,GZ,Commerce
Activite Partielle,3715.00,69005.00,30893345.00,3490.00,93,Provence-Alpes-Côte d'Azur,HZ,Transports et entreposage
Activite Partielle,16495.00,105310.00,53568150.00,15330.00,93,Provence-Alpes-Côte d'Azur,IZ,Hébergement et restauration
Activite Partielle,1955.00,18670.00,8437260.00,1800.00,93,Provence-Alpes-Côte d'Azur,JZ,Information et communication
Activite Partielle,3175.00,11365.00,4791010.00,2980.00,93,Provence-Alpes-Côte d'Azur,KZ,Act. financières et d'assurance
Activite Partielle,3710.00,12760.00,5372205.00,3495.00,93,Provence-Alpes-Côte d'Azur,LZ,Activités immobilières
Activite Partielle,17495.00,178585.00,66632780.00,16240.00,93,Provence-Alpes-Côte d'Azur,MN,Act. scientif. et tech. ; services admin. et de soutien
Activite Partielle,9710.00,78625.00,27495830.00,8985.00,93,Provence-Alpes-Côte d'Azur,OQ,"Admin. publique - enseignement, santé humaine et action sociale"
Activite Partielle,11740.00,59165.00,22965905.00,10510.00,93,Provence-Alpes-Côte d'Azur,RU,Autres activités de services
Activite Partielle,320.00,1440.00,674675.00,280.00,11,Île-de-France,AZ,"Agriculture, sylviculture et pêche"
Activite Partielle,3645.00,31175.00,14642210.00,3410.00,11,Île-de-France,C1,Fabr. de denrées alimentaires - boissons et prod. à base de tabac de boissons et de produits à base de tabac
Activite Partielle,5.00,610.00,306845.00,5.00,11,Île-de-France,C2,Cokéfaction et raffinage
Activite Partielle,1195.00,45060.00,18433450.00,1070.00,11,Île-de-France,C3,Fabr. d'équipements ; fabrication de machines
Activite Partielle,245.00,76275.00,23609905.00,215.00,11,Île-de-France,C4,Fabrication de matériels de transport
Activite Partielle,7440.00,103360.00,47106750.00,6725.00,11,Île-de-France,C5,Fabrication d'autres produits indus.
Activite Partielle,940.00,24435.00,9523950.00,890.00,11,Île-de-France,DE,Industries extractives
Activite Partielle,36525.00,316885.00,148837845.00,32550.00,11,Île-de-France,FZ,Construction
Activite Partielle,57255.00,480060.00,212782065.00,52875.00,11,Île-de-France,GZ,Commerce
Activite Partielle,11310.00,311550.00,130050035.00,10185.00,11,Île-de-France,HZ,Transports et entreposage
Activite Partielle,38680.00,332855.00,184857885.00,34970.00,11,Île-de-France,IZ,Hébergement et restauration
Activite Partielle,12470.00,185955.00,74209070.00,11295.00,11,Île-de-France,JZ,Information et communication
Activite Partielle,6895.00,44580.00,19380765.00,6410.00,11,Île-de-France,KZ,Act. financières et d'assurance
Activite Partielle,7495.00,37895.00,16467380.00,6975.00,11,Île-de-France,LZ,Activités immobilières
Activite Partielle,46515.00,750470.00,297049470.00,42335.00,11,Île-de-France,MN,Act. scientif. et tech. ; services admin. et de soutien
Activite Partielle,17700.00,171705.00,60430995.00,16305.00,11,Île-de-France,OQ,"Admin. publique - enseignement, santé humaine et action sociale"
Activite Partielle,27005.00,197305.00,77506910.00,23850.00,11,Île-de-France,RU,Autres activités de services
Activite Partielle,5.00,15.00,2315.00,5.00,,,C1,Fabr. de denrées alimentaires - boissons et prod. à base de tabac de boissons et de produits à base de tabac
Activite Partielle,15.00,70.00,17050.00,15.00,,,FZ,Construction
Activite Partielle,45.00,125.00,20115.00,40.00,,,GZ,Commerce
Activite Partielle,10.00,45.00,10650.00,10.00,,,HZ,Transports et entreposage
Activite Partielle,20.00,60.00,17950.00,15.00,,,IZ,Hébergement et restauration
Activite Partielle,20.00,70.00,13480.00,20.00,,,MN,Act. scientif. et tech. ; services admin. et de soutien
Activite Partielle,5.00,45.00,6095.00,5.00,,,OQ,"Admin. publique - enseignement, santé humaine et action sociale"
Activite Partielle,25.00,40.00,6425.00,20.00,,,RU,Autres activités de services
