dispositif,nombre_demandes_deposees,nombre_salaries_concernes,nombre_heures_demandees,nombre_etablissements_concernes,reg,libelle_region,code_section_nace17,libelle_section_nace17,date_maj
Activite Partielle,1170.00,5270.00,2128905.00,1065.00,84,Auvergne-Rhône-Alpes,AZ,"Agriculture, sylviculture et pêche",2020-07-21
Activite Partielle,4195.00,36745.00,14341275.00,3835.00,84,Auvergne-Rhône-Alpes,C1,Fabr. de denrées alimentaires - boissons et prod. à base de tabac de boissons et de produits à base de tabac,2020-07-21
Activite Partielle,1710.00,73145.00,29128150.00,1410.00,84,Auvergne-Rhône-Alpes,C3,Fabr. d'équipements ; fabrication de machines,2020-07-21
Activite Partielle,360.00,29335.00,14499980.00,315.00,84,Auvergne-Rhône-Alpes,C4,Fabrication de matériels de transport,2020-07-21
Activite Partielle,11165.00,221205.00,101185625.00,9530.00,84,Auvergne-Rhône-Alpes,C5,Fabrication d'autres produits indus.,2020-07-21
Activite Partielle,1250.00,17930.00,7340275.00,1160.00,84,Auvergne-Rhône-Alpes,DE,Industries extractives,2020-07-21
Activite Partielle,23990.00,187150.00,90955590.00,21915.00,84,Auvergne-Rhône-Alpes,FZ,Construction,2020-07-21
Activite Partielle,40275.00,273275.00,129596895.00,36800.00,84,Auvergne-Rhône-Alpes,GZ,Commerce,2020-07-21
Activite Partielle,5735.00,122025.00,51854850.00,5055.00,84,Auvergne-Rhône-Alpes,HZ,Transports et entreposage,2020-07-21
Activite Partielle,22830.00,149465.00,72784265.00,19940.00,84,Auvergne-Rhône-Alpes,IZ,Hébergement et restauration,2020-07-21
Activite Partielle,3375.00,42090.00,16334720.00,2905.00,84,Auvergne-Rhône-Alpes,JZ,Information et communication,2020-07-21
Activite Partielle,5475.00,25190.00,10651815.00,4985.00,84,Auvergne-Rhône-Alpes,KZ,Act. financières et d'assurance,2020-07-21
Activite Partielle,3535.00,18010.00,6932020.00,3255.00,84,Auvergne-Rhône-Alpes,LZ,Activités immobilières,2020-07-21
Activite Partielle,26250.00,327985.00,121806235.00,23295.00,84,Auvergne-Rhône-Alpes,MN,Act. scientif. et tech. ; services admin. et de soutien,2020-07-21
Activite Partielle,14520.00,131735.00,39881230.00,12775.00,84,Auvergne-Rhône-Alpes,OQ,"Admin. publique - enseignement, santé humaine et action sociale",2020-07-21
Activite Partielle,19410.00,99340.00,32758130.00,16360.00,84,Auvergne-Rhône-Alpes,RU,Autres activités de services,2020-07-21
Activite Partielle,745.00,2965.00,1085220.00,645.00,27,Bourgogne-Franche-Comté,AZ,"Agriculture, sylviculture et pêche",2020-07-21
Activite Partielle,1450.00,11710.00,5313340.00,1325.00,27,Bourgogne-Franche-Comté,C1,Fabr. de denrées alimentaires - boissons et prod. à base de tabac de boissons et de produits à base de tabac,2020-07-21
Activite Partielle,495.00,22215.00,8821505.00,385.00,27,Bourgogne-Franche-Comté,C3,Fabr. d'équipements ; fabrication de machines,2020-07-21
Activite Partielle,175.00,49345.00,14841800.00,120.00,27,Bourgogne-Franche-Comté,C4,Fabrication de matériels de transport,2020-07-21
Activite Partielle,3610.00,85025.00,39951460.00,2980.00,27,Bourgogne-Franche-Comté,C5,Fabrication d'autres produits indus.,2020-07-21
Activite Partielle,455.00,5980.00,2256130.00,435.00,27,Bourgogne-Franche-Comté,DE,Industries extractives,2020-07-21
Activite Partielle,6755.00,49795.00,22842750.00,6135.00,27,Bourgogne-Franche-Comté,FZ,Construction,2020-07-21
Activite Partielle,12650.00,79250.00,36978430.00,11565.00,27,Bourgogne-Franche-Comté,GZ,Commerce,2020-07-21
Activite Partielle,1695.00,35745.00,14078050.00,1495.00,27,Bourgogne-Franche-Comté,HZ,Transports et entreposage,2020-07-21
Activite Partielle,6285.00,35740.00,17959555.00,5290.00,27,Bourgogne-Franche-Comté,IZ,Hébergement et restauration,2020-07-21
Activite Partielle,550.00,3545.00,1528870.00,475.00,27,Bourgogne-Franche-Comté,JZ,Information et communication,2020-07-21
Activite Partielle,1720.00,7805.00,3701730.00,1575.00,27,Bourgogne-Franche-Comté,KZ,Act. financières et d'assurance,2020-07-21
Activite Partielle,780.00,4005.00,1388685.00,710.00,27,Bourgogne-Franche-Comté,LZ,Activités immobilières,2020-07-21
Activite Partielle,6410.00,86375.00,29658670.00,5705.00,27,Bourgogne-Franche-Comté,MN,Act. scientif. et tech. ; services admin. et de soutien,2020-07-21
Activite Partielle,4450.00,41700.00,13721095.00,3950.00,27,Bourgogne-Franche-Comté,OQ,"Admin. publique - enseignement, santé humaine et action sociale",2020-07-21
Activite Partielle,5885.00,28150.00,9590890.00,4955.00,27,Bourgogne-Franche-Comté,RU,Autres activités de services,2020-07-21
Activite Partielle,1270.00,6705.00,3016290.00,1160.00,53,Bretagne,AZ,"Agriculture, sylviculture et pêche",2020-07-21
Activite Partielle,1955.00,28660.00,12856080.00,1810.00,53,Bretagne,C1,Fabr. de denrées alimentaires - boissons et prod. à base de tabac de boissons et de produits à base de tabac,2020-07-21
Activite Partielle,390.00,15835.00,6931255.00,325.00,53,Bretagne,C3,Fabr. d'équipements ; fabrication de machines,2020-07-21
Activite Partielle,185.00,12785.00,4314915.00,150.00,53,Bretagne,C4,Fabrication de matériels de transport,2020-07-21
Activite Partielle,2810.00,55320.00,25343975.00,2485.00,53,Bretagne,C5,Fabrication d'autres produits indus.,2020-07-21
Activite Partielle,440.00,5560.00,2278480.00,415.00,53,Bretagne,DE,Industries extractives,2020-07-21
Activite Partielle,8945.00,74270.00,40137265.00,8335.00,53,Bretagne,FZ,Construction,2020-07-21
Activite Partielle,15070.00,98535.00,50246075.00,14070.00,53,Bretagne,GZ,Commerce,2020-07-21
Activite Partielle,1735.00,38420.00,19459750.00,1565.00,53,Bretagne,HZ,Transports et entreposage,2020-07-21
Activite Partielle,8700.00,51435.00,27558850.00,7705.00,53,Bretagne,IZ,Hébergement et restauration,2020-07-21
Activite Partielle,1025.00,12775.00,5039060.00,880.00,53,Bretagne,JZ,Information et communication,2020-07-21
Activite Partielle,1925.00,15910.00,5954425.00,1810.00,53,Bretagne,KZ,Act. financières et d'assurance,2020-07-21
Activite Partielle,1260.00,5585.00,2633805.00,1175.00,53,Bretagne,LZ,Activités immobilières,2020-07-21
Activite Partielle,8855.00,116055.00,44140595.00,7985.00,53,Bretagne,MN,Act. scientif. et tech. ; services admin. et de soutien,2020-07-21
Activite Partielle,5270.00,43665.00,13603860.00,4720.00,53,Bretagne,OQ,"Admin. publique - enseignement, santé humaine et action sociale",2020-07-21
Activite Partielle,7875.00,37365.00,13193325.00,6525.00,53,Bretagne,RU,Autres activités de services,2020-07-21
Activite Partielle,650.00,2590.00,923395.00,590.00,24,Centre-Val de Loire,AZ,"Agriculture, sylviculture et pêche",2020-07-21
Activite Partielle,1050.00,9795.00,4248950.00,985.00,24,Centre-Val de Loire,C1,Fabr. de denrées alimentaires - boissons et prod. à base de tabac de boissons et de produits à base de tabac,2020-07-21
Activite Partielle,430.00,20835.00,8856420.00,355.00,24,Centre-Val de Loire,C3,Fabr. d'équipements ; fabrication de machines,2020-07-21
Activite Partielle,110.00,11040.00,4623355.00,90.00,24,Centre-Val de Loire,C4,Fabrication de matériels de transport,2020-07-21
Activite Partielle,2655.00,56625.00,26116080.00,2285.00,24,Centre-Val de Loire,C5,Fabrication d'autres produits indus.,2020-07-21
Activite Partielle,375.00,5000.00,1850215.00,355.00,24,Centre-Val de Loire,DE,Industries extractives,2020-07-21
Activite Partielle,6525.00,52940.00,25428755.00,6045.00,24,Centre-Val de Loire,FZ,Construction,2020-07-21
Activite Partielle,10250.00,69005.00,33234645.00,9450.00,24,Centre-Val de Loire,GZ,Commerce,2020-07-21
Activite Partielle,1600.00,34880.00,13364275.00,1425.00,24,Centre-Val de Loire,HZ,Transports et entreposage,2020-07-21
Activite Partielle,5465.00,32010.00,17065575.00,4705.00,24,Centre-Val de Loire,IZ,Hébergement et restauration,2020-07-21
Activite Partielle,635.00,5865.00,2215850.00,540.00,24,Centre-Val de Loire,JZ,Information et communication,2020-07-21
Activite Partielle,1310.00,6985.00,2584775.00,1190.00,24,Centre-Val de Loire,KZ,Act. financières et d'assurance,2020-07-21
Activite Partielle,785.00,4045.00,1632860.00,725.00,24,Centre-Val de Loire,LZ,Activités immobilières,2020-07-21
Activite Partielle,5905.00,86495.00,27875540.00,5315.00,24,Centre-Val de Loire,MN,Act. scientif. et tech. ; services admin. et de soutien,2020-07-21
Activite Partielle,3850.00,32750.00,10894905.00,3420.00,24,Centre-Val de Loire,OQ,"Admin. publique - enseignement, santé humaine et action sociale",2020-07-21
Activite Partielle,5825.00,26355.00,8580070.00,4845.00,24,Centre-Val de Loire,RU,Autres activités de services,2020-07-21
Activite Partielle,210.00,855.00,492580.00,205.00,94,Corse,AZ,"Agriculture, sylviculture et pêche",2020-07-21
Activite Partielle,300.00,2000.00,1194100.00,295.00,94,Corse,C1,Fabr. de denrées alimentaires - boissons et prod. à base de tabac de boissons et de produits à base de tabac,2020-07-21
Activite Partielle,15.00,115.00,67155.00,15.00,94,Corse,C3,Fabr. d'équipements ; fabrication de machines,2020-07-21
Activite Partielle,5.00,245.00,244125.00,5.00,94,Corse,C4,Fabrication de matériels de transport,2020-07-21
Activite Partielle,300.00,1455.00,880855.00,290.00,94,Corse,C5,Fabrication d'autres produits indus.,2020-07-21
Activite Partielle,65.00,550.00,339505.00,55.00,94,Corse,DE,Industries extractives,2020-07-21
Activite Partielle,1930.00,11405.00,7398860.00,1860.00,94,Corse,FZ,Construction,2020-07-21
Activite Partielle,2380.00,12350.00,7447340.00,2305.00,94,Corse,GZ,Commerce,2020-07-21
Activite Partielle,365.00,4655.00,2081540.00,355.00,94,Corse,HZ,Transports et entreposage,2020-07-21
Activite Partielle,1795.00,10190.00,6555755.00,1710.00,94,Corse,IZ,Hébergement et restauration,2020-07-21
Activite Partielle,135.00,875.00,385530.00,115.00,94,Corse,JZ,Information et communication,2020-07-21
Activite Partielle,260.00,1120.00,584165.00,250.00,94,Corse,KZ,Act. financières et d'assurance,2020-07-21
Activite Partielle,295.00,920.00,545510.00,280.00,94,Corse,LZ,Activités immobilières,2020-07-21
Activite Partielle,1255.00,7850.00,4197965.00,1190.00,94,Corse,MN,Act. scientif. et tech. ; services admin. et de soutien,2020-07-21
Activite Partielle,605.00,4945.00,1708285.00,570.00,94,Corse,OQ,"Admin. publique - enseignement, santé humaine et action sociale",2020-07-21
Activite Partielle,800.00,3070.00,1732610.00,735.00,94,Corse,RU,Autres activités de services,2020-07-21
Activite Partielle,1460.00,5850.00,2596270.00,1375.00,44,Grand Est,AZ,"Agriculture, sylviculture et pêche",2020-07-21
Activite Partielle,2790.00,29490.00,13480745.00,2550.00,44,Grand Est,C1,Fabr. de denrées alimentaires - boissons et prod. à base de tabac de boissons et de produits à base de tabac,2020-07-21
Activite Partielle,855.00,42065.00,19653510.00,730.00,44,Grand Est,C3,Fabr. d'équipements ; fabrication de machines,2020-07-21
Activite Partielle,255.00,58565.00,18379290.00,185.00,44,Grand Est,C4,Fabrication de matériels de transport,2020-07-21
Activite Partielle,5805.00,143180.00,68332885.00,4995.00,44,Grand Est,C5,Fabrication d'autres produits indus.,2020-07-21
Activite Partielle,885.00,11830.00,5935025.00,805.00,44,Grand Est,DE,Industries extractives,2020-07-21
Activite Partielle,14190.00,115065.00,58779395.00,13000.00,44,Grand Est,FZ,Construction,2020-07-21
Activite Partielle,25440.00,170455.00,90864515.00,23265.00,44,Grand Est,GZ,Commerce,2020-07-21
Activite Partielle,3425.00,76740.00,35848965.00,3000.00,44,Grand Est,HZ,Transports et entreposage,2020-07-21
Activite Partielle,12520.00,85940.00,45757905.00,10735.00,44,Grand Est,IZ,Hébergement et restauration,2020-07-21
Activite Partielle,1470.00,12250.00,5270875.00,1290.00,44,Grand Est,JZ,Information et communication,2020-07-21
Activite Partielle,2925.00,12710.00,5303535.00,2700.00,44,Grand Est,KZ,Act. financières et d'assurance,2020-07-21
Activite Partielle,1740.00,8000.00,3371030.00,1600.00,44,Grand Est,LZ,Activités immobilières,2020-07-21
Activite Partielle,13330.00,182825.00,62076985.00,11975.00,44,Grand Est,MN,Act. scientif. et tech. ; services admin. et de soutien,2020-07-21
Activite Partielle,10445.00,97120.00,33642055.00,9030.00,44,Grand Est,OQ,"Admin. publique - enseignement, santé humaine et action sociale",2020-07-21
Activite Partielle,10485.00,54165.00,20579600.00,9000.00,44,Grand Est,RU,Autres activités de services,2020-07-21
Activite Partielle,130.00,645.00,257255.00,110.00,01,Guadeloupe,AZ,"Agriculture, sylviculture et pêche",2020-07-21
Activite Partielle,445.00,2515.00,1038355.00,395.00,01,Guadeloupe,C1,Fabr. de denrées alimentaires - boissons et prod. à base de tabac de boissons et de produits à base de tabac,2020-07-21
Activite Partielle,45.00,180.00,77380.00,40.00,01,Guadeloupe,C3,Fabr. d'équipements ; fabrication de machines,2020-07-21
Activite Partielle,5.00,30.00,13930.00,5.00,01,Guadeloupe,C4,Fabrication de matériels de transport,2020-07-21
Activite Partielle,550.00,3320.00,1671195.00,485.00,01,Guadeloupe,C5,Fabrication d'autres produits indus.,2020-07-21
Activite Partielle,105.00,1010.00,409790.00,100.00,01,Guadeloupe,DE,Industries extractives,2020-07-21
Activite Partielle,1395.00,8210.00,4011965.00,1255.00,01,Guadeloupe,FZ,Construction,2020-07-21
Activite Partielle,2875.00,13210.00,6100675.00,2600.00,01,Guadeloupe,GZ,Commerce,2020-07-21
Activite Partielle,560.00,4195.00,2384340.00,485.00,01,Guadeloupe,HZ,Transports et entreposage,2020-07-21
Activite Partielle,1310.00,10435.00,5892240.00,1065.00,01,Guadeloupe,IZ,Hébergement et restauration,2020-07-21
Activite Partielle,190.00,1025.00,502340.00,175.00,01,Guadeloupe,JZ,Information et communication,2020-07-21
Activite Partielle,305.00,1230.00,579400.00,275.00,01,Guadeloupe,KZ,Act. financières et d'assurance,2020-07-21
Activite Partielle,255.00,770.00,375685.00,225.00,01,Guadeloupe,LZ,Activités immobilières,2020-07-21
Activite Partielle,1775.00,12975.00,4583970.00,1565.00,01,Guadeloupe,MN,Act. scientif. et tech. ; services admin. et de soutien,2020-07-21
Activite Partielle,905.00,7030.00,2699855.00,770.00,01,Guadeloupe,OQ,"Admin. publique - enseignement, santé humaine et action sociale",2020-07-21
Activite Partielle,845.00,3405.00,1425510.00,720.00,01,Guadeloupe,RU,Autres activités de services,2020-07-21
Activite Partielle,40.00,170.00,74965.00,30.00,03,Guyane,AZ,"Agriculture, sylviculture et pêche",2020-07-21
Activite Partielle,85.00,695.00,283140.00,60.00,03,Guyane,C1,Fabr. de denrées alimentaires - boissons et prod. à base de tabac de boissons et de produits à base de tabac,2020-07-21
Activite Partielle,5.00,45.00,16615.00,5.00,03,Guyane,C3,Fabr. d'équipements ; fabrication de machines,2020-07-21
Activite Partielle,245.00,1630.00,721075.00,200.00,03,Guyane,C5,Fabrication d'autres produits indus.,2020-07-21
Activite Partielle,65.00,575.00,222615.00,60.00,03,Guyane,DE,Industries extractives,2020-07-21
Activite Partielle,500.00,3275.00,1412835.00,375.00,03,Guyane,FZ,Construction,2020-07-21
Activite Partielle,955.00,4620.00,2276530.00,745.00,03,Guyane,GZ,Commerce,2020-07-21
Activite Partielle,230.00,2060.00,993550.00,175.00,03,Guyane,HZ,Transports et entreposage,2020-07-21
Activite Partielle,470.00,2780.00,1279785.00,325.00,03,Guyane,IZ,Hébergement et restauration,2020-07-21
Activite Partielle,65.00,300.00,142185.00,55.00,03,Guyane,JZ,Information et communication,2020-07-21
Activite Partielle,105.00,335.00,166095.00,85.00,03,Guyane,KZ,Act. financières et d'assurance,2020-07-21
Activite Partielle,50.00,160.00,74805.00,40.00,03,Guyane,LZ,Activités immobilières,2020-07-21
Activite Partielle,495.00,4630.00,1613830.00,415.00,03,Guyane,MN,Act. scientif. et tech. ; services admin. et de soutien,2020-07-21
Activite Partielle,340.00,2350.00,945410.00,250.00,03,Guyane,OQ,"Admin. publique - enseignement, santé humaine et action sociale",2020-07-21
Activite Partielle,360.00,1490.00,681225.00,255.00,03,Guyane,RU,Autres activités de services,2020-07-21
Activite Partielle,875.00,4045.00,1884770.00,725.00,32,Hauts-de-France,AZ,"Agriculture, sylviculture et pêche",2020-07-21
Activite Partielle,1970.00,23575.00,12218685.00,1790.00,32,Hauts-de-France,C1,Fabr. de denrées alimentaires - boissons et prod. à base de tabac de boissons et de produits à base de tabac,2020-07-21
Activite Partielle,605.00,24090.00,11714985.00,490.00,32,Hauts-de-France,C3,Fabr. d'équipements ; fabrication de machines,2020-07-21
Activite Partielle,220.00,62670.00,20981945.00,165.00,32,Hauts-de-France,C4,Fabrication de matériels de transport,2020-07-21
Activite Partielle,5245.00,131555.00,72252280.00,4355.00,32,Hauts-de-France,C5,Fabrication d'autres produits indus.,2020-07-21
Activite Partielle,695.00,12100.00,5942295.00,645.00,32,Hauts-de-France,DE,Industries extractives,2020-07-21
Activite Partielle,12525.00,117010.00,62467535.00,11220.00,32,Hauts-de-France,FZ,Construction,2020-07-21
Activite Partielle,22615.00,172815.00,88982150.00,20495.00,32,Hauts-de-France,GZ,Commerce,2020-07-21
Activite Partielle,3585.00,84295.00,40839720.00,3140.00,32,Hauts-de-France,HZ,Transports et entreposage,2020-07-21
Activite Partielle,11525.00,78300.00,44039425.00,9795.00,32,Hauts-de-France,IZ,Hébergement et restauration,2020-07-21
Activite Partielle,1625.00,20930.00,9336835.00,1355.00,32,Hauts-de-France,JZ,Information et communication,2020-07-21
Activite Partielle,2880.00,14360.00,6322960.00,2610.00,32,Hauts-de-France,KZ,Act. financières et d'assurance,2020-07-21
Activite Partielle,1810.00,9020.00,3906620.00,1635.00,32,Hauts-de-France,LZ,Activités immobilières,2020-07-21
Activite Partielle,13325.00,219385.00,80065940.00,11645.00,32,Hauts-de-France,MN,Act. scientif. et tech. ; services admin. et de soutien,2020-07-21
Activite Partielle,8865.00,86370.00,30496120.00,7695.00,32,Hauts-de-France,OQ,"Admin. publique - enseignement, santé humaine et action sociale",2020-07-21
Activite Partielle,10835.00,60295.00,22296440.00,8760.00,32,Hauts-de-France,RU,Autres activités de services,2020-07-21
Activite Partielle,365.00,1645.00,746930.00,320.00,11,Île-de-France,AZ,"Agriculture, sylviculture et pêche",2020-07-21
Activite Partielle,4135.00,34695.00,17460385.00,3625.00,11,Île-de-France,C1,Fabr. de denrées alimentaires - boissons et prod. à base de tabac de boissons et de produits à base de tabac,2020-07-21
Activite Partielle,5.00,640.00,312965.00,5.00,11,Île-de-France,C2,Cokéfaction et raffinage,2020-07-21
Activite Partielle,1400.00,51935.00,23350725.00,1140.00,11,Île-de-France,C3,Fabr. d'équipements ; fabrication de machines,2020-07-21
Activite Partielle,280.00,95250.00,30961410.00,220.00,11,Île-de-France,C4,Fabrication de matériels de transport,2020-07-21
Activite Partielle,8480.00,116860.00,56514315.00,7010.00,11,Île-de-France,C5,Fabrication d'autres produits indus.,2020-07-21
Activite Partielle,1035.00,25210.00,10721000.00,940.00,11,Île-de-France,DE,Industries extractives,2020-07-21
Activite Partielle,40990.00,351525.00,164978940.00,34230.00,11,Île-de-France,FZ,Construction,2020-07-21
Activite Partielle,64740.00,531955.00,247474260.00,55900.00,11,Île-de-France,GZ,Commerce,2020-07-21
Activite Partielle,13775.00,361125.00,159065980.00,11050.00,11,Île-de-France,HZ,Transports et entreposage,2020-07-21
Activite Partielle,43825.00,387360.00,245422430.00,35810.00,11,Île-de-France,IZ,Hébergement et restauration,2020-07-21
Activite Partielle,14640.00,215610.00,88248960.00,11990.00,11,Île-de-France,JZ,Information et communication,2020-07-21
Activite Partielle,7905.00,65140.00,24465610.00,6980.00,11,Île-de-France,KZ,Act. financières et d'assurance,2020-07-21
Activite Partielle,8250.00,42845.00,18115795.00,7325.00,11,Île-de-France,LZ,Activités immobilières,2020-07-21
Activite Partielle,53035.00,851320.00,360099905.00,44475.00,11,Île-de-France,MN,Act. scientif. et tech. ; services admin. et de soutien,2020-07-21
Activite Partielle,21060.00,206780.00,74362350.00,17860.00,11,Île-de-France,OQ,"Admin. publique - enseignement, santé humaine et action sociale",2020-07-21
Activite Partielle,30945.00,221805.00,82954370.00,24890.00,11,Île-de-France,RU,Autres activités de services,2020-07-21
Activite Partielle,185.00,1290.00,678330.00,170.00,04,La Réunion,AZ,"Agriculture, sylviculture et pêche",2020-07-21
Activite Partielle,505.00,4905.00,2244385.00,460.00,04,La Réunion,C1,Fabr. de denrées alimentaires - boissons et prod. à base de tabac de boissons et de produits à base de tabac,2020-07-21
Activite Partielle,85.00,740.00,363690.00,70.00,04,La Réunion,C3,Fabr. d'équipements ; fabrication de machines,2020-07-21
Activite Partielle,20.00,105.00,43155.00,20.00,04,La Réunion,C4,Fabrication de matériels de transport,2020-07-21
Activite Partielle,845.00,6200.00,3257875.00,760.00,04,La Réunion,C5,Fabrication d'autres produits indus.,2020-07-21
Activite Partielle,135.00,2210.00,869355.00,120.00,04,La Réunion,DE,Industries extractives,2020-07-21
Activite Partielle,2270.00,17050.00,8342680.00,2055.00,04,La Réunion,FZ,Construction,2020-07-21
Activite Partielle,4015.00,23665.00,12982750.00,3675.00,04,La Réunion,GZ,Commerce,2020-07-21
Activite Partielle,740.00,9985.00,5197220.00,680.00,04,La Réunion,HZ,Transports et entreposage,2020-07-21
Activite Partielle,1570.00,11215.00,6721800.00,1375.00,04,La Réunion,IZ,Hébergement et restauration,2020-07-21
Activite Partielle,250.00,1720.00,809250.00,225.00,04,La Réunion,JZ,Information et communication,2020-07-21
Activite Partielle,530.00,2420.00,1076480.00,495.00,04,La Réunion,KZ,Act. financières et d'assurance,2020-07-21
Activite Partielle,275.00,1300.00,633950.00,240.00,04,La Réunion,LZ,Activités immobilières,2020-07-21
Activite Partielle,1935.00,17120.00,7632370.00,1765.00,04,La Réunion,MN,Act. scientif. et tech. ; services admin. et de soutien,2020-07-21
Activite Partielle,1725.00,12630.00,4990420.00,1560.00,04,La Réunion,OQ,"Admin. publique - enseignement, santé humaine et action sociale",2020-07-21
Activite Partielle,1670.00,8555.00,3335780.00,1465.00,04,La Réunion,RU,Autres activités de services,2020-07-21
Activite Partielle,150.00,1375.00,515120.00,125.00,02,Martinique,AZ,"Agriculture, sylviculture et pêche",2020-07-21
Activite Partielle,250.00,1760.00,740960.00,220.00,02,Martinique,C1,Fabr. de denrées alimentaires - boissons et prod. à base de tabac de boissons et de produits à base de tabac,2020-07-21
Activite Partielle,25.00,120.00,46460.00,25.00,02,Martinique,C3,Fabr. d'équipements ; fabrication de machines,2020-07-21
Activite Partielle,10.00,30.00,16480.00,10.00,02,Martinique,C4,Fabrication de matériels de transport,2020-07-21
Activite Partielle,445.00,2520.00,1337325.00,390.00,02,Martinique,C5,Fabrication d'autres produits indus.,2020-07-21
Activite Partielle,80.00,880.00,376705.00,75.00,02,Martinique,DE,Industries extractives,2020-07-21
Activite Partielle,890.00,5610.00,2671665.00,745.00,02,Martinique,FZ,Construction,2020-07-21
Activite Partielle,1985.00,10265.00,5257835.00,1755.00,02,Martinique,GZ,Commerce,2020-07-21
Activite Partielle,505.00,4990.00,2354595.00,425.00,02,Martinique,HZ,Transports et entreposage,2020-07-21
Activite Partielle,840.00,6260.00,3288600.00,725.00,02,Martinique,IZ,Hébergement et restauration,2020-07-21
Activite Partielle,150.00,865.00,307940.00,125.00,02,Martinique,JZ,Information et communication,2020-07-21
Activite Partielle,305.00,1295.00,520150.00,275.00,02,Martinique,KZ,Act. financières et d'assurance,2020-07-21
Activite Partielle,140.00,445.00,274830.00,130.00,02,Martinique,LZ,Activités immobilières,2020-07-21
Activite Partielle,1330.00,12415.00,4399380.00,1135.00,02,Martinique,MN,Act. scientif. et tech. ; services admin. et de soutien,2020-07-21
Activite Partielle,675.00,5635.00,1931000.00,595.00,02,Martinique,OQ,"Admin. publique - enseignement, santé humaine et action sociale",2020-07-21
Activite Partielle,790.00,4330.00,1839440.00,670.00,02,Martinique,RU,Autres activités de services,2020-07-21
Activite Partielle,25.00,105.00,32785.00,15.00,06,Mayotte,AZ,"Agriculture, sylviculture et pêche",2020-07-21
Activite Partielle,55.00,510.00,305835.00,40.00,06,Mayotte,C1,Fabr. de denrées alimentaires - boissons et prod. à base de tabac de boissons et de produits à base de tabac,2020-07-21
Activite Partielle,75.00,585.00,295435.00,65.00,06,Mayotte,C5,Fabrication d'autres produits indus.,2020-07-21
Activite Partielle,15.00,440.00,297760.00,10.00,06,Mayotte,DE,Industries extractives,2020-07-21
Activite Partielle,250.00,3540.00,2116700.00,195.00,06,Mayotte,FZ,Construction,2020-07-21
Activite Partielle,365.00,2100.00,1099705.00,290.00,06,Mayotte,GZ,Commerce,2020-07-21
Activite Partielle,160.00,1360.00,854790.00,130.00,06,Mayotte,HZ,Transports et entreposage,2020-07-21
Activite Partielle,240.00,1335.00,536720.00,140.00,06,Mayotte,IZ,Hébergement et restauration,2020-07-21
Activite Partielle,30.00,135.00,78185.00,25.00,06,Mayotte,JZ,Information et communication,2020-07-21
Activite Partielle,15.00,85.00,48035.00,15.00,06,Mayotte,KZ,Act. financières et d'assurance,2020-07-21
Activite Partielle,15.00,180.00,102680.00,15.00,06,Mayotte,LZ,Activités immobilières,2020-07-21
Activite Partielle,240.00,2145.00,812200.00,200.00,06,Mayotte,MN,Act. scientif. et tech. ; services admin. et de soutien,2020-07-21
Activite Partielle,175.00,2130.00,771245.00,130.00,06,Mayotte,OQ,"Admin. publique - enseignement, santé humaine et action sociale",2020-07-21
Activite Partielle,160.00,840.00,254435.00,120.00,06,Mayotte,RU,Autres activités de services,2020-07-21
Activite Partielle,1120.00,4185.00,1796190.00,995.00,28,Normandie,AZ,"Agriculture, sylviculture et pêche",2020-07-21
Activite Partielle,1670.00,15100.00,6001215.00,1535.00,28,Normandie,C1,Fabr. de denrées alimentaires - boissons et prod. à base de tabac de boissons et de produits à base de tabac,2020-07-21
Activite Partielle,5.00,175.00,64785.00,5.00,28,Normandie,C2,Cokéfaction et raffinage,2020-07-21
Activite Partielle,375.00,16755.00,7484705.00,310.00,28,Normandie,C3,Fabr. d'équipements ; fabrication de machines,2020-07-21
Activite Partielle,145.00,28645.00,14191955.00,120.00,28,Normandie,C4,Fabrication de matériels de transport,2020-07-21
Activite Partielle,3035.00,72005.00,36907370.00,2580.00,28,Normandie,C5,Fabrication d'autres produits indus.,2020-07-21
Activite Partielle,460.00,7935.00,3647480.00,440.00,28,Normandie,DE,Industries extractives,2020-07-21
Activite Partielle,8150.00,73630.00,39432860.00,7445.00,28,Normandie,FZ,Construction,2020-07-21
Activite Partielle,13845.00,94930.00,46991275.00,12745.00,28,Normandie,GZ,Commerce,2020-07-21
Activite Partielle,2005.00,49485.00,22152055.00,1740.00,28,Normandie,HZ,Transports et entreposage,2020-07-21
Activite Partielle,7465.00,43810.00,24299330.00,6590.00,28,Normandie,IZ,Hébergement et restauration,2020-07-21
Activite Partielle,780.00,6010.00,2713720.00,660.00,28,Normandie,JZ,Information et communication,2020-07-21
Activite Partielle,1805.00,8530.00,3575395.00,1630.00,28,Normandie,KZ,Act. financières et d'assurance,2020-07-21
Activite Partielle,1190.00,6585.00,2664795.00,1100.00,28,Normandie,LZ,Activités immobilières,2020-07-21
Activite Partielle,7680.00,112740.00,43163640.00,6820.00,28,Normandie,MN,Act. scientif. et tech. ; services admin. et de soutien,2020-07-21
Activite Partielle,4925.00,48580.00,16181065.00,4315.00,28,Normandie,OQ,"Admin. publique - enseignement, santé humaine et action sociale",2020-07-21
Activite Partielle,7295.00,36485.00,13233860.00,6070.00,28,Normandie,RU,Autres activités de services,2020-07-21
Activite Partielle,2820.00,11665.00,4988205.00,2450.00,75,Nouvelle-Aquitaine,AZ,"Agriculture, sylviculture et pêche",2020-07-21
Activite Partielle,3235.00,29540.00,12888810.00,2965.00,75,Nouvelle-Aquitaine,C1,Fabr. de denrées alimentaires - boissons et prod. à base de tabac de boissons et de produits à base de tabac,2020-07-21
Activite Partielle,755.00,26410.00,12705775.00,630.00,75,Nouvelle-Aquitaine,C3,Fabr. d'équipements ; fabrication de machines,2020-07-21
Activite Partielle,275.00,28410.00,14782620.00,220.00,75,Nouvelle-Aquitaine,C4,Fabrication de matériels de transport,2020-07-21
Activite Partielle,6100.00,105915.00,51421350.00,5275.00,75,Nouvelle-Aquitaine,C5,Fabrication d'autres produits indus.,2020-07-21
Activite Partielle,915.00,10545.00,4772105.00,865.00,75,Nouvelle-Aquitaine,DE,Industries extractives,2020-07-21
Activite Partielle,17260.00,125135.00,67486115.00,16015.00,75,Nouvelle-Aquitaine,FZ,Construction,2020-07-21
Activite Partielle,29465.00,182310.00,94268530.00,27200.00,75,Nouvelle-Aquitaine,GZ,Commerce,2020-07-21
Activite Partielle,3420.00,65960.00,30908445.00,3050.00,75,Nouvelle-Aquitaine,HZ,Transports et entreposage,2020-07-21
Activite Partielle,14800.00,92455.00,55753405.00,12850.00,75,Nouvelle-Aquitaine,IZ,Hébergement et restauration,2020-07-21
Activite Partielle,1965.00,18750.00,8241215.00,1655.00,75,Nouvelle-Aquitaine,JZ,Information et communication,2020-07-21
Activite Partielle,4095.00,18550.00,8443785.00,3750.00,75,Nouvelle-Aquitaine,KZ,Act. financières et d'assurance,2020-07-21
Activite Partielle,3090.00,11840.00,5984940.00,2890.00,75,Nouvelle-Aquitaine,LZ,Activités immobilières,2020-07-21
Activite Partielle,16755.00,197875.00,74518985.00,15015.00,75,Nouvelle-Aquitaine,MN,Act. scientif. et tech. ; services admin. et de soutien,2020-07-21
Activite Partielle,10455.00,89995.00,30304410.00,9150.00,75,Nouvelle-Aquitaine,OQ,"Admin. publique - enseignement, santé humaine et action sociale",2020-07-21
Activite Partielle,14485.00,67225.00,24802320.00,12010.00,75,Nouvelle-Aquitaine,RU,Autres activités de services,2020-07-21
Activite Partielle,1845.00,6245.00,2617020.00,1675.00,76,Occitanie,AZ,"Agriculture, sylviculture et pêche",2020-07-21
Activite Partielle,3190.00,24945.00,11155135.00,2940.00,76,Occitanie,C1,Fabr. de denrées alimentaires - boissons et prod. à base de tabac de boissons et de produits à base de tabac,2020-07-21
Activite Partielle,675.00,19735.00,10294080.00,575.00,76,Occitanie,C3,Fabr. d'équipements ; fabrication de machines,2020-07-21
Activite Partielle,235.00,35325.00,14033430.00,195.00,76,Occitanie,C4,Fabrication de matériels de transport,2020-07-21
Activite Partielle,5140.00,71925.00,39476445.00,4560.00,76,Occitanie,C5,Fabrication d'autres produits indus.,2020-07-21
Activite Partielle,910.00,11800.00,5657380.00,845.00,76,Occitanie,DE,Industries extractives,2020-07-21
Activite Partielle,17260.00,119445.00,64045355.00,15985.00,76,Occitanie,FZ,Construction,2020-07-21
Activite Partielle,28780.00,176420.00,91554025.00,26670.00,76,Occitanie,GZ,Commerce,2020-07-21
Activite Partielle,3495.00,63090.00,29708440.00,3150.00,76,Occitanie,HZ,Transports et entreposage,2020-07-21
Activite Partielle,15500.00,93425.00,53288580.00,13720.00,76,Occitanie,IZ,Hébergement et restauration,2020-07-21
Activite Partielle,2305.00,31060.00,20335380.00,1950.00,76,Occitanie,JZ,Information et communication,2020-07-21
Activite Partielle,4130.00,17295.00,8585930.00,3835.00,76,Occitanie,KZ,Act. financières et d'assurance,2020-07-21
Activite Partielle,3000.00,11965.00,5888690.00,2805.00,76,Occitanie,LZ,Activités immobilières,2020-07-21
Activite Partielle,17455.00,210165.00,89256895.00,15760.00,76,Occitanie,MN,Act. scientif. et tech. ; services admin. et de soutien,2020-07-21
Activite Partielle,11190.00,102115.00,37157030.00,9850.00,76,Occitanie,OQ,"Admin. publique - enseignement, santé humaine et action sociale",2020-07-21
Activite Partielle,13780.00,74265.00,29350850.00,11665.00,76,Occitanie,RU,Autres activités de services,2020-07-21
Activite Partielle,1225.00,6465.00,2287405.00,1075.00,52,Pays de la Loire,AZ,"Agriculture, sylviculture et pêche",2020-07-21
Activite Partielle,1925.00,27670.00,11948035.00,1760.00,52,Pays de la Loire,C1,Fabr. de denrées alimentaires - boissons et prod. à base de tabac de boissons et de produits à base de tabac,2020-07-21
Activite Partielle,610.00,36095.00,16137320.00,520.00,52,Pays de la Loire,C3,Fabr. d'équipements ; fabrication de machines,2020-07-21
Activite Partielle,255.00,30510.00,13443735.00,220.00,52,Pays de la Loire,C4,Fabrication de matériels de transport,2020-07-21
Activite Partielle,4295.00,110295.00,55585820.00,3720.00,52,Pays de la Loire,C5,Fabrication d'autres produits indus.,2020-07-21
Activite Partielle,530.00,8395.00,3795235.00,510.00,52,Pays de la Loire,DE,Industries extractives,2020-07-21
Activite Partielle,10460.00,96110.00,51135125.00,9610.00,52,Pays de la Loire,FZ,Construction,2020-07-21
Activite Partielle,16195.00,119820.00,61088695.00,14955.00,52,Pays de la Loire,GZ,Commerce,2020-07-21
Activite Partielle,1925.00,53195.00,28112665.00,1735.00,52,Pays de la Loire,HZ,Transports et entreposage,2020-07-21
Activite Partielle,8480.00,52745.00,32602815.00,7435.00,52,Pays de la Loire,IZ,Hébergement et restauration,2020-07-21
Activite Partielle,1340.00,20440.00,8336755.00,1165.00,52,Pays de la Loire,JZ,Information et communication,2020-07-21
Activite Partielle,2330.00,14485.00,6319335.00,2110.00,52,Pays de la Loire,KZ,Act. financières et d'assurance,2020-07-21
Activite Partielle,1320.00,6565.00,2959315.00,1255.00,52,Pays de la Loire,LZ,Activités immobilières,2020-07-21
Activite Partielle,10925.00,187855.00,73409845.00,9875.00,52,Pays de la Loire,MN,Act. scientif. et tech. ; services admin. et de soutien,2020-07-21
Activite Partielle,6410.00,62565.00,21231145.00,5665.00,52,Pays de la Loire,OQ,"Admin. publique - enseignement, santé humaine et action sociale",2020-07-21
Activite Partielle,9935.00,48685.00,18126750.00,8240.00,52,Pays de la Loire,RU,Autres activités de services,2020-07-21
Activite Partielle,1215.00,4780.00,2175555.00,1090.00,93,Provence-Alpes-Côte d'Azur,AZ,"Agriculture, sylviculture et pêche",2020-07-21
Activite Partielle,2720.00,17550.00,8237905.00,2460.00,93,Provence-Alpes-Côte d'Azur,C1,Fabr. de denrées alimentaires - boissons et prod. à base de tabac de boissons et de produits à base de tabac,2020-07-21
Activite Partielle,5.00,60.00,23600.00,5.00,93,Provence-Alpes-Côte d'Azur,C2,Cokéfaction et raffinage,2020-07-21
Activite Partielle,465.00,9480.00,4195165.00,410.00,93,Provence-Alpes-Côte d'Azur,C3,Fabr. d'équipements ; fabrication de machines,2020-07-21
Activite Partielle,140.00,8195.00,3800875.00,120.00,93,Provence-Alpes-Côte d'Azur,C4,Fabrication de matériels de transport,2020-07-21
Activite Partielle,4485.00,50240.00,23675560.00,3920.00,93,Provence-Alpes-Côte d'Azur,C5,Fabrication d'autres produits indus.,2020-07-21
Activite Partielle,725.00,10050.00,3890730.00,650.00,93,Provence-Alpes-Côte d'Azur,DE,Industries extractives,2020-07-21
Activite Partielle,16730.00,104845.00,50788160.00,14965.00,93,Provence-Alpes-Côte d'Azur,FZ,Construction,2020-07-21
Activite Partielle,29910.00,173455.00,85425740.00,27025.00,93,Provence-Alpes-Côte d'Azur,GZ,Commerce,2020-07-21
Activite Partielle,4190.00,74730.00,35590935.00,3660.00,93,Provence-Alpes-Côte d'Azur,HZ,Transports et entreposage,2020-07-21
Activite Partielle,18305.00,117160.00,65452890.00,15710.00,93,Provence-Alpes-Côte d'Azur,IZ,Hébergement et restauration,2020-07-21
Activite Partielle,2235.00,20590.00,9794710.00,1905.00,93,Provence-Alpes-Côte d'Azur,JZ,Information et communication,2020-07-21
Activite Partielle,3670.00,17305.00,6917260.00,3320.00,93,Provence-Alpes-Côte d'Azur,KZ,Act. financières et d'assurance,2020-07-21
Activite Partielle,3995.00,14290.00,5892070.00,3620.00,93,Provence-Alpes-Côte d'Azur,LZ,Activités immobilières,2020-07-21
Activite Partielle,19240.00,195530.00,77817785.00,16875.00,93,Provence-Alpes-Côte d'Azur,MN,Act. scientif. et tech. ; services admin. et de soutien,2020-07-21
Activite Partielle,11080.00,89920.00,32758880.00,9610.00,93,Provence-Alpes-Côte d'Azur,OQ,"Admin. publique - enseignement, santé humaine et action sociale",2020-07-21
Activite Partielle,13165.00,66430.00,25729410.00,10875.00,93,Provence-Alpes-Côte d'Azur,RU,Autres activités de services,2020-07-21
Activite Partielle,5.00,15.00,2315.00,5.00,,,C1,Fabr. de denrées alimentaires - boissons et prod. à base de tabac de boissons et de produits à base de tabac,2020-07-21
Activite Partielle,15.00,70.00,17220.00,15.00,,,FZ,Construction,2020-07-21
Activite Partielle,45.00,135.00,21660.00,40.00,,,GZ,Commerce,2020-07-21
Activite Partielle,10.00,75.00,17070.00,10.00,,,HZ,Transports et entreposage,2020-07-21
Activite Partielle,20.00,75.00,25790.00,15.00,,,IZ,Hébergement et restauration,2020-07-21
Activite Partielle,20.00,75.00,16200.00,20.00,,,MN,Act. scientif. et tech. ; services admin. et de soutien,2020-07-21
Activite Partielle,5.00,55.00,7345.00,5.00,,,OQ,"Admin. publique - enseignement, santé humaine et action sociale",2020-07-21
Activite Partielle,25.00,40.00,7000.00,20.00,,,RU,Autres activités de services,2020-07-21
