dispositif,volet,nombre_aides,montant_total,reg,libelle_region,dep,libelle_departement,classe_effectif,libelle_classe_effectif
Fonds de solidarité,VOLET1,802,1171528.00,84,Auvergne-Rhône-Alpes,01,Ain,00,0 salarié
Fonds de solidarité,VOLET1,3608,5355562.00,84,Auvergne-Rhône-Alpes,01,Ain,01,1 ou 2 salariés
Fonds de solidarité,VOLET1,1273,1904226.00,84,Auvergne-Rhône-Alpes,01,Ain,02,3 à 5 salariés
Fonds de solidarité,VOLET1,321,481500.00,84,Auvergne-Rhône-Alpes,01,Ain,03,6 à 9 salariés
Fonds de solidarité,VOLET1,56,84000.00,84,Auvergne-Rhône-Alpes,01,Ain,11,10 à 19 salariés
Fonds de solidarité,VOLET1,111,154135.00,84,Auvergne-Rhône-Alpes,01,Ain,NN,Etablissement non employeur
Fonds de solidarité,VOLET1,712,1045128.00,84,Auvergne-Rhône-Alpes,03,Allier,00,0 salarié
Fonds de solidarité,VOLET1,2271,3355409.00,84,Auvergne-Rhône-Alpes,03,Allier,01,1 ou 2 salariés
Fonds de solidarité,VOLET1,591,881948.00,84,Auvergne-Rhône-Alpes,03,Allier,02,3 à 5 salariés
Fonds de solidarité,VOLET1,139,208500.00,84,Auvergne-Rhône-Alpes,03,Allier,03,6 à 9 salariés
Fonds de solidarité,VOLET1,23,34500.00,84,Auvergne-Rhône-Alpes,03,Allier,11,10 à 19 salariés
Fonds de solidarité,VOLET1,1053,1404725.00,84,Auvergne-Rhône-Alpes,03,Allier,NN,Etablissement non employeur
Fonds de solidarité,VOLET1,1443,2096187.00,84,Auvergne-Rhône-Alpes,07,Ardèche,00,0 salarié
Fonds de solidarité,VOLET1,2630,3872689.00,84,Auvergne-Rhône-Alpes,07,Ardèche,01,1 ou 2 salariés
Fonds de solidarité,VOLET1,698,1044192.00,84,Auvergne-Rhône-Alpes,07,Ardèche,02,3 à 5 salariés
Fonds de solidarité,VOLET1,141,211500.00,84,Auvergne-Rhône-Alpes,07,Ardèche,03,6 à 9 salariés
Fonds de solidarité,VOLET1,20,30000.00,84,Auvergne-Rhône-Alpes,07,Ardèche,11,10 à 19 salariés
Fonds de solidarité,VOLET1,1092,1479649.00,84,Auvergne-Rhône-Alpes,07,Ardèche,NN,Etablissement non employeur
Fonds de solidarité,VOLET1,390,563704.00,84,Auvergne-Rhône-Alpes,15,Cantal,00,0 salarié
Fonds de solidarité,VOLET1,1176,1735568.00,84,Auvergne-Rhône-Alpes,15,Cantal,01,1 ou 2 salariés
Fonds de solidarité,VOLET1,313,467422.00,84,Auvergne-Rhône-Alpes,15,Cantal,02,3 à 5 salariés
Fonds de solidarité,VOLET1,82,123000.00,84,Auvergne-Rhône-Alpes,15,Cantal,03,6 à 9 salariés
Fonds de solidarité,VOLET1,9,13500.00,84,Auvergne-Rhône-Alpes,15,Cantal,11,10 à 19 salariés
Fonds de solidarité,VOLET1,820,1123176.00,84,Auvergne-Rhône-Alpes,15,Cantal,NN,Etablissement non employeur
Fonds de solidarité,VOLET1,1919,2795537.00,84,Auvergne-Rhône-Alpes,26,Drôme,00,0 salarié
Fonds de solidarité,VOLET1,4144,6141336.00,84,Auvergne-Rhône-Alpes,26,Drôme,01,1 ou 2 salariés
Fonds de solidarité,VOLET1,1250,1863199.00,84,Auvergne-Rhône-Alpes,26,Drôme,02,3 à 5 salariés
Fonds de solidarité,VOLET1,285,427016.00,84,Auvergne-Rhône-Alpes,26,Drôme,03,6 à 9 salariés
Fonds de solidarité,VOLET1,60,90000.00,84,Auvergne-Rhône-Alpes,26,Drôme,11,10 à 19 salariés
Fonds de solidarité,VOLET1,1533,2011114.00,84,Auvergne-Rhône-Alpes,26,Drôme,NN,Etablissement non employeur
Fonds de solidarité,VOLET1,751,1092582.00,84,Auvergne-Rhône-Alpes,43,Haute-Loire,00,0 salarié
Fonds de solidarité,VOLET1,1773,2618309.00,84,Auvergne-Rhône-Alpes,43,Haute-Loire,01,1 ou 2 salariés
Fonds de solidarité,VOLET1,471,701856.00,84,Auvergne-Rhône-Alpes,43,Haute-Loire,02,3 à 5 salariés
Fonds de solidarité,VOLET1,109,163172.00,84,Auvergne-Rhône-Alpes,43,Haute-Loire,03,6 à 9 salariés
Fonds de solidarité,VOLET1,14,21000.00,84,Auvergne-Rhône-Alpes,43,Haute-Loire,11,10 à 19 salariés
Fonds de solidarité,VOLET1,4,6000.00,84,Auvergne-Rhône-Alpes,43,Haute-Loire,12,20 à 49 salariés
Fonds de solidarité,VOLET1,789,1091776.00,84,Auvergne-Rhône-Alpes,43,Haute-Loire,NN,Etablissement non employeur
Fonds de solidarité,VOLET1,2368,3480890.00,84,Auvergne-Rhône-Alpes,74,Haute-Savoie,00,0 salarié
Fonds de solidarité,VOLET1,5512,8190593.00,84,Auvergne-Rhône-Alpes,74,Haute-Savoie,01,1 ou 2 salariés
Fonds de solidarité,VOLET1,2141,3195594.00,84,Auvergne-Rhône-Alpes,74,Haute-Savoie,02,3 à 5 salariés
Fonds de solidarité,VOLET1,648,971765.00,84,Auvergne-Rhône-Alpes,74,Haute-Savoie,03,6 à 9 salariés
Fonds de solidarité,VOLET1,162,243000.00,84,Auvergne-Rhône-Alpes,74,Haute-Savoie,11,10 à 19 salariés
Fonds de solidarité,VOLET1,15,22500.00,84,Auvergne-Rhône-Alpes,74,Haute-Savoie,12,20 à 49 salariés
Fonds de solidarité,VOLET1,3049,4270846.00,84,Auvergne-Rhône-Alpes,74,Haute-Savoie,NN,Etablissement non employeur
Fonds de solidarité,VOLET1,3660,5349488.00,84,Auvergne-Rhône-Alpes,38,Isère,00,0 salarié
Fonds de solidarité,VOLET1,8756,12996387.00,84,Auvergne-Rhône-Alpes,38,Isère,01,1 ou 2 salariés
Fonds de solidarité,VOLET1,2930,4382294.00,84,Auvergne-Rhône-Alpes,38,Isère,02,3 à 5 salariés
Fonds de solidarité,VOLET1,743,1113214.00,84,Auvergne-Rhône-Alpes,38,Isère,03,6 à 9 salariés
Fonds de solidarité,VOLET1,131,196500.00,84,Auvergne-Rhône-Alpes,38,Isère,11,10 à 19 salariés
Fonds de solidarité,VOLET1,7,10500.00,84,Auvergne-Rhône-Alpes,38,Isère,12,20 à 49 salariés
Fonds de solidarité,VOLET1,3,4500.00,84,Auvergne-Rhône-Alpes,38,Isère,21,50 à 99 salariés
Fonds de solidarité,VOLET1,3518,4910075.00,84,Auvergne-Rhône-Alpes,38,Isère,NN,Etablissement non employeur
Fonds de solidarité,VOLET1,1969,2875475.00,84,Auvergne-Rhône-Alpes,42,Loire,00,0 salarié
Fonds de solidarité,VOLET1,5059,7486670.00,84,Auvergne-Rhône-Alpes,42,Loire,01,1 ou 2 salariés
Fonds de solidarité,VOLET1,1535,2291266.00,84,Auvergne-Rhône-Alpes,42,Loire,02,3 à 5 salariés
Fonds de solidarité,VOLET1,351,525893.00,84,Auvergne-Rhône-Alpes,42,Loire,03,6 à 9 salariés
Fonds de solidarité,VOLET1,62,93000.00,84,Auvergne-Rhône-Alpes,42,Loire,11,10 à 19 salariés
Fonds de solidarité,VOLET1,2103,2790939.00,84,Auvergne-Rhône-Alpes,42,Loire,NN,Etablissement non employeur
Fonds de solidarité,VOLET1,1620,2355838.00,84,Auvergne-Rhône-Alpes,63,Puy-de-Dôme,00,0 salarié
Fonds de solidarité,VOLET1,4408,6513778.00,84,Auvergne-Rhône-Alpes,63,Puy-de-Dôme,01,1 ou 2 salariés
Fonds de solidarité,VOLET1,1453,2165363.00,84,Auvergne-Rhône-Alpes,63,Puy-de-Dôme,02,3 à 5 salariés
Fonds de solidarité,VOLET1,390,584560.00,84,Auvergne-Rhône-Alpes,63,Puy-de-Dôme,03,6 à 9 salariés
Fonds de solidarité,VOLET1,62,92486.00,84,Auvergne-Rhône-Alpes,63,Puy-de-Dôme,11,10 à 19 salariés
Fonds de solidarité,VOLET1,1797,2425582.00,84,Auvergne-Rhône-Alpes,63,Puy-de-Dôme,NN,Etablissement non employeur
Fonds de solidarité,VOLET1,5519,8082088.00,84,Auvergne-Rhône-Alpes,69,Rhône,00,0 salarié
Fonds de solidarité,VOLET1,14059,20828137.00,84,Auvergne-Rhône-Alpes,69,Rhône,01,1 ou 2 salariés
Fonds de solidarité,VOLET1,4885,7302515.00,84,Auvergne-Rhône-Alpes,69,Rhône,02,3 à 5 salariés
Fonds de solidarité,VOLET1,1246,1865009.00,84,Auvergne-Rhône-Alpes,69,Rhône,03,6 à 9 salariés
Fonds de solidarité,VOLET1,227,340500.00,84,Auvergne-Rhône-Alpes,69,Rhône,11,10 à 19 salariés
Fonds de solidarité,VOLET1,15,22500.00,84,Auvergne-Rhône-Alpes,69,Rhône,12,20 à 49 salariés
Fonds de solidarité,VOLET1,3,4500.00,84,Auvergne-Rhône-Alpes,69,Rhône,42,1 000 à 1 999 salariés
Fonds de solidarité,VOLET1,4473,6293198.00,84,Auvergne-Rhône-Alpes,69,Rhône,NN,Etablissement non employeur
Fonds de solidarité,VOLET1,1661,2432895.00,84,Auvergne-Rhône-Alpes,73,Savoie,00,0 salarié
Fonds de solidarité,VOLET1,4146,6154593.00,84,Auvergne-Rhône-Alpes,73,Savoie,01,1 ou 2 salariés
Fonds de solidarité,VOLET1,1763,2635243.00,84,Auvergne-Rhône-Alpes,73,Savoie,02,3 à 5 salariés
Fonds de solidarité,VOLET1,641,959166.00,84,Auvergne-Rhône-Alpes,73,Savoie,03,6 à 9 salariés
Fonds de solidarité,VOLET1,176,262905.00,84,Auvergne-Rhône-Alpes,73,Savoie,11,10 à 19 salariés
Fonds de solidarité,VOLET1,14,21000.00,84,Auvergne-Rhône-Alpes,73,Savoie,12,20 à 49 salariés
Fonds de solidarité,VOLET1,4149,5925230.00,84,Auvergne-Rhône-Alpes,73,Savoie,NN,Etablissement non employeur
Fonds de solidarité,VOLET1,1187,1739431.00,27,Bourgogne-Franche-Comté,21,Côte-d'Or,00,0 salarié
Fonds de solidarité,VOLET1,3196,4725822.00,27,Bourgogne-Franche-Comté,21,Côte-d'Or,01,1 ou 2 salariés
Fonds de solidarité,VOLET1,1085,1621910.00,27,Bourgogne-Franche-Comté,21,Côte-d'Or,02,3 à 5 salariés
Fonds de solidarité,VOLET1,272,408000.00,27,Bourgogne-Franche-Comté,21,Côte-d'Or,03,6 à 9 salariés
Fonds de solidarité,VOLET1,48,72000.00,27,Bourgogne-Franche-Comté,21,Côte-d'Or,11,10 à 19 salariés
Fonds de solidarité,VOLET1,5,7500.00,27,Bourgogne-Franche-Comté,21,Côte-d'Or,12,20 à 49 salariés
Fonds de solidarité,VOLET1,1228,1651296.00,27,Bourgogne-Franche-Comté,21,Côte-d'Or,NN,Etablissement non employeur
Fonds de solidarité,VOLET1,1074,1573907.00,27,Bourgogne-Franche-Comté,25,Doubs,00,0 salarié
Fonds de solidarité,VOLET1,2977,4413083.00,27,Bourgogne-Franche-Comté,25,Doubs,01,1 ou 2 salariés
Fonds de solidarité,VOLET1,994,1487578.00,27,Bourgogne-Franche-Comté,25,Doubs,02,3 à 5 salariés
Fonds de solidarité,VOLET1,247,370500.00,27,Bourgogne-Franche-Comté,25,Doubs,03,6 à 9 salariés
Fonds de solidarité,VOLET1,52,78000.00,27,Bourgogne-Franche-Comté,25,Doubs,11,10 à 19 salariés
Fonds de solidarité,VOLET1,6,9000.00,27,Bourgogne-Franche-Comté,25,Doubs,12,20 à 49 salariés
Fonds de solidarité,VOLET1,947,1307953.00,27,Bourgogne-Franche-Comté,25,Doubs,NN,Etablissement non employeur
Fonds de solidarité,VOLET1,445,652674.00,27,Bourgogne-Franche-Comté,70,Haute-Saône,00,0 salarié
Fonds de solidarité,VOLET1,1159,1721632.00,27,Bourgogne-Franche-Comté,70,Haute-Saône,01,1 ou 2 salariés
Fonds de solidarité,VOLET1,342,512611.00,27,Bourgogne-Franche-Comté,70,Haute-Saône,02,3 à 5 salariés
Fonds de solidarité,VOLET1,90,135000.00,27,Bourgogne-Franche-Comté,70,Haute-Saône,03,6 à 9 salariés
Fonds de solidarité,VOLET1,28,41761.00,27,Bourgogne-Franche-Comté,70,Haute-Saône,11,10 à 19 salariés
Fonds de solidarité,VOLET1,513,676581.00,27,Bourgogne-Franche-Comté,70,Haute-Saône,NN,Etablissement non employeur
Fonds de solidarité,VOLET1,696,1016085.00,27,Bourgogne-Franche-Comté,39,Jura,00,0 salarié
Fonds de solidarité,VOLET1,1744,2581238.00,27,Bourgogne-Franche-Comté,39,Jura,01,1 ou 2 salariés
Fonds de solidarité,VOLET1,486,727122.00,27,Bourgogne-Franche-Comté,39,Jura,02,3 à 5 salariés
Fonds de solidarité,VOLET1,123,181750.00,27,Bourgogne-Franche-Comté,39,Jura,03,6 à 9 salariés
Fonds de solidarité,VOLET1,18,27000.00,27,Bourgogne-Franche-Comté,39,Jura,11,10 à 19 salariés
Fonds de solidarité,VOLET1,560,751991.00,27,Bourgogne-Franche-Comté,39,Jura,NN,Etablissement non employeur
Fonds de solidarité,VOLET1,436,634784.00,27,Bourgogne-Franche-Comté,58,Nièvre,00,0 salarié
Fonds de solidarité,VOLET1,1274,1869729.00,27,Bourgogne-Franche-Comté,58,Nièvre,01,1 ou 2 salariés
Fonds de solidarité,VOLET1,391,580927.00,27,Bourgogne-Franche-Comté,58,Nièvre,02,3 à 5 salariés
Fonds de solidarité,VOLET1,74,111000.00,27,Bourgogne-Franche-Comté,58,Nièvre,03,6 à 9 salariés
Fonds de solidarité,VOLET1,24,34834.00,27,Bourgogne-Franche-Comté,58,Nièvre,11,10 à 19 salariés
Fonds de solidarité,VOLET1,526,711776.00,27,Bourgogne-Franche-Comté,58,Nièvre,NN,Etablissement non employeur
Fonds de solidarité,VOLET1,1207,1761028.00,27,Bourgogne-Franche-Comté,71,Saône-et-Loire,00,0 salarié
Fonds de solidarité,VOLET1,3730,5520877.00,27,Bourgogne-Franche-Comté,71,Saône-et-Loire,01,1 ou 2 salariés
Fonds de solidarité,VOLET1,1064,1593506.00,27,Bourgogne-Franche-Comté,71,Saône-et-Loire,02,3 à 5 salariés
Fonds de solidarité,VOLET1,219,327326.00,27,Bourgogne-Franche-Comté,71,Saône-et-Loire,03,6 à 9 salariés
Fonds de solidarité,VOLET1,27,40500.00,27,Bourgogne-Franche-Comté,71,Saône-et-Loire,11,10 à 19 salariés
Fonds de solidarité,VOLET1,1465,2016705.00,27,Bourgogne-Franche-Comté,71,Saône-et-Loire,NN,Etablissement non employeur
Fonds de solidarité,VOLET1,260,385710.00,27,Bourgogne-Franche-Comté,90,Territoire de Belfort,00,0 salarié
Fonds de solidarité,VOLET1,738,1094861.00,27,Bourgogne-Franche-Comté,90,Territoire de Belfort,01,1 ou 2 salariés
Fonds de solidarité,VOLET1,253,378237.00,27,Bourgogne-Franche-Comté,90,Territoire de Belfort,02,3 à 5 salariés
Fonds de solidarité,VOLET1,56,84000.00,27,Bourgogne-Franche-Comté,90,Territoire de Belfort,03,6 à 9 salariés
Fonds de solidarité,VOLET1,11,16500.00,27,Bourgogne-Franche-Comté,90,Territoire de Belfort,11,10 à 19 salariés
Fonds de solidarité,VOLET1,224,305510.00,27,Bourgogne-Franche-Comté,90,Territoire de Belfort,NN,Etablissement non employeur
Fonds de solidarité,VOLET1,682,1003319.00,27,Bourgogne-Franche-Comté,89,Yonne,00,0 salarié
Fonds de solidarité,VOLET1,2061,3056603.00,27,Bourgogne-Franche-Comté,89,Yonne,01,1 ou 2 salariés
Fonds de solidarité,VOLET1,599,895763.00,27,Bourgogne-Franche-Comté,89,Yonne,02,3 à 5 salariés
Fonds de solidarité,VOLET1,141,211500.00,27,Bourgogne-Franche-Comté,89,Yonne,03,6 à 9 salariés
Fonds de solidarité,VOLET1,13,19500.00,27,Bourgogne-Franche-Comté,89,Yonne,11,10 à 19 salariés
Fonds de solidarité,VOLET1,686,917051.00,27,Bourgogne-Franche-Comté,89,Yonne,NN,Etablissement non employeur
Fonds de solidarité,VOLET1,1640,2389080.00,53,Bretagne,22,Côtes-d'Armor,00,0 salarié
Fonds de solidarité,VOLET1,3947,5827426.00,53,Bretagne,22,Côtes-d'Armor,01,1 ou 2 salariés
Fonds de solidarité,VOLET1,1053,1572609.00,53,Bretagne,22,Côtes-d'Armor,02,3 à 5 salariés
Fonds de solidarité,VOLET1,236,353849.00,53,Bretagne,22,Côtes-d'Armor,03,6 à 9 salariés
Fonds de solidarité,VOLET1,18,27000.00,53,Bretagne,22,Côtes-d'Armor,11,10 à 19 salariés
Fonds de solidarité,VOLET1,4,6000.00,53,Bretagne,22,Côtes-d'Armor,12,20 à 49 salariés
Fonds de solidarité,VOLET1,1441,1939644.00,53,Bretagne,22,Côtes-d'Armor,NN,Etablissement non employeur
Fonds de solidarité,VOLET1,2297,3358243.00,53,Bretagne,29,Finistère,00,0 salarié
Fonds de solidarité,VOLET1,5357,7942780.00,53,Bretagne,29,Finistère,01,1 ou 2 salariés
Fonds de solidarité,VOLET1,1841,2757066.00,53,Bretagne,29,Finistère,02,3 à 5 salariés
Fonds de solidarité,VOLET1,414,619511.00,53,Bretagne,29,Finistère,03,6 à 9 salariés
Fonds de solidarité,VOLET1,65,97124.00,53,Bretagne,29,Finistère,11,10 à 19 salariés
Fonds de solidarité,VOLET1,3,4500.00,53,Bretagne,29,Finistère,12,20 à 49 salariés
Fonds de solidarité,VOLET1,1986,2708778.00,53,Bretagne,29,Finistère,NN,Etablissement non employeur
Fonds de solidarité,VOLET1,2128,3109873.00,53,Bretagne,35,Ille-et-Vilaine,00,0 salarié
Fonds de solidarité,VOLET1,6200,9213188.00,53,Bretagne,35,Ille-et-Vilaine,01,1 ou 2 salariés
Fonds de solidarité,VOLET1,2035,3042257.00,53,Bretagne,35,Ille-et-Vilaine,02,3 à 5 salariés
Fonds de solidarité,VOLET1,525,786664.00,53,Bretagne,35,Ille-et-Vilaine,03,6 à 9 salariés
Fonds de solidarité,VOLET1,95,142500.00,53,Bretagne,35,Ille-et-Vilaine,11,10 à 19 salariés
Fonds de solidarité,VOLET1,3,4500.00,53,Bretagne,35,Ille-et-Vilaine,12,20 à 49 salariés
Fonds de solidarité,VOLET1,1935,2675659.00,53,Bretagne,35,Ille-et-Vilaine,NN,Etablissement non employeur
Fonds de solidarité,VOLET1,2337,3397962.00,53,Bretagne,56,Morbihan,00,0 salarié
Fonds de solidarité,VOLET1,5227,7739462.00,53,Bretagne,56,Morbihan,01,1 ou 2 salariés
Fonds de solidarité,VOLET1,1605,2399348.00,53,Bretagne,56,Morbihan,02,3 à 5 salariés
Fonds de solidarité,VOLET1,364,544577.00,53,Bretagne,56,Morbihan,03,6 à 9 salariés
Fonds de solidarité,VOLET1,47,70500.00,53,Bretagne,56,Morbihan,11,10 à 19 salariés
Fonds de solidarité,VOLET1,8,12000.00,53,Bretagne,56,Morbihan,12,20 à 49 salariés
Fonds de solidarité,VOLET1,1837,2527604.00,53,Bretagne,56,Morbihan,NN,Etablissement non employeur
Fonds de solidarité,VOLET1,517,759333.00,24,Centre-Val de Loire,18,Cher,00,0 salarié
Fonds de solidarité,VOLET1,1602,2363170.00,24,Centre-Val de Loire,18,Cher,01,1 ou 2 salariés
Fonds de solidarité,VOLET1,508,758481.00,24,Centre-Val de Loire,18,Cher,02,3 à 5 salariés
Fonds de solidarité,VOLET1,139,208500.00,24,Centre-Val de Loire,18,Cher,03,6 à 9 salariés
Fonds de solidarité,VOLET1,19,28500.00,24,Centre-Val de Loire,18,Cher,11,10 à 19 salariés
Fonds de solidarité,VOLET1,738,983619.00,24,Centre-Val de Loire,18,Cher,NN,Etablissement non employeur
Fonds de solidarité,VOLET1,748,1099980.00,24,Centre-Val de Loire,28,Eure-et-Loir,00,0 salarié
Fonds de solidarité,VOLET1,2332,3458796.00,24,Centre-Val de Loire,28,Eure-et-Loir,01,1 ou 2 salariés
Fonds de solidarité,VOLET1,760,1138044.00,24,Centre-Val de Loire,28,Eure-et-Loir,02,3 à 5 salariés
Fonds de solidarité,VOLET1,177,265500.00,24,Centre-Val de Loire,28,Eure-et-Loir,03,6 à 9 salariés
Fonds de solidarité,VOLET1,13,19500.00,24,Centre-Val de Loire,28,Eure-et-Loir,11,10 à 19 salariés
Fonds de solidarité,VOLET1,702,954709.00,24,Centre-Val de Loire,28,Eure-et-Loir,NN,Etablissement non employeur
Fonds de solidarité,VOLET1,346,499514.00,24,Centre-Val de Loire,36,Indre,00,0 salarié
Fonds de solidarité,VOLET1,1244,1834944.00,24,Centre-Val de Loire,36,Indre,01,1 ou 2 salariés
Fonds de solidarité,VOLET1,428,639681.00,24,Centre-Val de Loire,36,Indre,02,3 à 5 salariés
Fonds de solidarité,VOLET1,98,147000.00,24,Centre-Val de Loire,36,Indre,03,6 à 9 salariés
Fonds de solidarité,VOLET1,24,36000.00,24,Centre-Val de Loire,36,Indre,11,10 à 19 salariés
Fonds de solidarité,VOLET1,501,643159.00,24,Centre-Val de Loire,36,Indre,NN,Etablissement non employeur
Fonds de solidarité,VOLET1,1321,1923791.00,24,Centre-Val de Loire,37,Indre-et-Loire,00,0 salarié
Fonds de solidarité,VOLET1,3665,5418584.00,24,Centre-Val de Loire,37,Indre-et-Loire,01,1 ou 2 salariés
Fonds de solidarité,VOLET1,1202,1799449.00,24,Centre-Val de Loire,37,Indre-et-Loire,02,3 à 5 salariés
Fonds de solidarité,VOLET1,313,469500.00,24,Centre-Val de Loire,37,Indre-et-Loire,03,6 à 9 salariés
Fonds de solidarité,VOLET1,51,76500.00,24,Centre-Val de Loire,37,Indre-et-Loire,11,10 à 19 salariés
Fonds de solidarité,VOLET1,4,6000.00,24,Centre-Val de Loire,37,Indre-et-Loire,12,20 à 49 salariés
Fonds de solidarité,VOLET1,1277,1733034.00,24,Centre-Val de Loire,37,Indre-et-Loire,NN,Etablissement non employeur
Fonds de solidarité,VOLET1,627,907243.00,24,Centre-Val de Loire,41,Loir-et-Cher,00,0 salarié
Fonds de solidarité,VOLET1,2067,3062430.00,24,Centre-Val de Loire,41,Loir-et-Cher,01,1 ou 2 salariés
Fonds de solidarité,VOLET1,685,1023298.00,24,Centre-Val de Loire,41,Loir-et-Cher,02,3 à 5 salariés
Fonds de solidarité,VOLET1,137,204991.00,24,Centre-Val de Loire,41,Loir-et-Cher,03,6 à 9 salariés
Fonds de solidarité,VOLET1,31,46500.00,24,Centre-Val de Loire,41,Loir-et-Cher,11,10 à 19 salariés
Fonds de solidarité,VOLET1,703,968743.00,24,Centre-Val de Loire,41,Loir-et-Cher,NN,Etablissement non employeur
Fonds de solidarité,VOLET1,1192,1749305.00,24,Centre-Val de Loire,45,Loiret,00,0 salarié
Fonds de solidarité,VOLET1,3670,5444444.00,24,Centre-Val de Loire,45,Loiret,01,1 ou 2 salariés
Fonds de solidarité,VOLET1,1283,1922724.00,24,Centre-Val de Loire,45,Loiret,02,3 à 5 salariés
Fonds de solidarité,VOLET1,297,445500.00,24,Centre-Val de Loire,45,Loiret,03,6 à 9 salariés
Fonds de solidarité,VOLET1,35,52500.00,24,Centre-Val de Loire,45,Loiret,11,10 à 19 salariés
Fonds de solidarité,VOLET1,4,6000.00,24,Centre-Val de Loire,45,Loiret,12,20 à 49 salariés
Fonds de solidarité,VOLET1,1149,1542074.00,24,Centre-Val de Loire,45,Loiret,NN,Etablissement non employeur
Fonds de solidarité,VOLET1,501,719999.00,94,Corse,2A,Corse-du-Sud,00,0 salarié
Fonds de solidarité,VOLET1,2015,2965873.00,94,Corse,2A,Corse-du-Sud,01,1 ou 2 salariés
Fonds de solidarité,VOLET1,1049,1560077.00,94,Corse,2A,Corse-du-Sud,02,3 à 5 salariés
Fonds de solidarité,VOLET1,270,403534.00,94,Corse,2A,Corse-du-Sud,03,6 à 9 salariés
Fonds de solidarité,VOLET1,53,79500.00,94,Corse,2A,Corse-du-Sud,11,10 à 19 salariés
Fonds de solidarité,VOLET1,220,301432.00,94,Corse,2A,Corse-du-Sud,NN,Etablissement non employeur
Fonds de solidarité,VOLET1,1163,1681517.00,94,Corse,2B,Haute-Corse,00,0 salarié
Fonds de solidarité,VOLET1,2408,3535218.00,94,Corse,2B,Haute-Corse,01,1 ou 2 salariés
Fonds de solidarité,VOLET1,726,1085206.00,94,Corse,2B,Haute-Corse,02,3 à 5 salariés
Fonds de solidarité,VOLET1,179,267330.00,94,Corse,2B,Haute-Corse,03,6 à 9 salariés
Fonds de solidarité,VOLET1,30,45000.00,94,Corse,2B,Haute-Corse,11,10 à 19 salariés
Fonds de solidarité,VOLET1,899,1226470.00,94,Corse,2B,Haute-Corse,NN,Etablissement non employeur
Fonds de solidarité,VOLET1,452,656063.00,44,Grand Est,08,Ardennes,00,0 salarié
Fonds de solidarité,VOLET1,1416,2090833.00,44,Grand Est,08,Ardennes,01,1 ou 2 salariés
Fonds de solidarité,VOLET1,449,672226.00,44,Grand Est,08,Ardennes,02,3 à 5 salariés
Fonds de solidarité,VOLET1,129,193500.00,44,Grand Est,08,Ardennes,03,6 à 9 salariés
Fonds de solidarité,VOLET1,16,24000.00,44,Grand Est,08,Ardennes,11,10 à 19 salariés
Fonds de solidarité,VOLET1,603,791470.00,44,Grand Est,08,Ardennes,NN,Etablissement non employeur
Fonds de solidarité,VOLET1,584,854313.00,44,Grand Est,10,Aube,00,0 salarié
Fonds de solidarité,VOLET1,1690,2491161.00,44,Grand Est,10,Aube,01,1 ou 2 salariés
Fonds de solidarité,VOLET1,525,786034.00,44,Grand Est,10,Aube,02,3 à 5 salariés
Fonds de solidarité,VOLET1,128,192000.00,44,Grand Est,10,Aube,03,6 à 9 salariés
Fonds de solidarité,VOLET1,24,36000.00,44,Grand Est,10,Aube,11,10 à 19 salariés
Fonds de solidarité,VOLET1,580,794957.00,44,Grand Est,10,Aube,NN,Etablissement non employeur
Fonds de solidarité,VOLET1,2344,3424866.00,44,Grand Est,67,Bas-Rhin,00,0 salarié
Fonds de solidarité,VOLET1,7820,11591470.00,44,Grand Est,67,Bas-Rhin,01,1 ou 2 salariés
Fonds de solidarité,VOLET1,2964,4439147.00,44,Grand Est,67,Bas-Rhin,02,3 à 5 salariés
Fonds de solidarité,VOLET1,834,1248541.00,44,Grand Est,67,Bas-Rhin,03,6 à 9 salariés
Fonds de solidarité,VOLET1,154,231000.00,44,Grand Est,67,Bas-Rhin,11,10 à 19 salariés
Fonds de solidarité,VOLET1,13,19500.00,44,Grand Est,67,Bas-Rhin,12,20 à 49 salariés
Fonds de solidarité,VOLET1,2007,2784943.00,44,Grand Est,67,Bas-Rhin,NN,Etablissement non employeur
Fonds de solidarité,VOLET1,1632,2390374.00,44,Grand Est,68,Haut-Rhin,00,0 salarié
Fonds de solidarité,VOLET1,4997,7392612.00,44,Grand Est,68,Haut-Rhin,01,1 ou 2 salariés
Fonds de solidarité,VOLET1,2005,2993664.00,44,Grand Est,68,Haut-Rhin,02,3 à 5 salariés
Fonds de solidarité,VOLET1,509,762754.00,44,Grand Est,68,Haut-Rhin,03,6 à 9 salariés
Fonds de solidarité,VOLET1,107,160230.00,44,Grand Est,68,Haut-Rhin,11,10 à 19 salariés
Fonds de solidarité,VOLET1,5,7500.00,44,Grand Est,68,Haut-Rhin,12,20 à 49 salariés
Fonds de solidarité,VOLET1,1235,1673331.00,44,Grand Est,68,Haut-Rhin,NN,Etablissement non employeur
Fonds de solidarité,VOLET1,326,468510.00,44,Grand Est,52,Haute-Marne,00,0 salarié
Fonds de solidarité,VOLET1,909,1337619.00,44,Grand Est,52,Haute-Marne,01,1 ou 2 salariés
Fonds de solidarité,VOLET1,279,414899.00,44,Grand Est,52,Haute-Marne,02,3 à 5 salariés
Fonds de solidarité,VOLET1,84,126000.00,44,Grand Est,52,Haute-Marne,03,6 à 9 salariés
Fonds de solidarité,VOLET1,14,21000.00,44,Grand Est,52,Haute-Marne,11,10 à 19 salariés
Fonds de solidarité,VOLET1,355,482699.00,44,Grand Est,52,Haute-Marne,NN,Etablissement non employeur
Fonds de solidarité,VOLET1,1086,1589632.00,44,Grand Est,51,Marne,00,0 salarié
Fonds de solidarité,VOLET1,3114,4621869.00,44,Grand Est,51,Marne,01,1 ou 2 salariés
Fonds de solidarité,VOLET1,1136,1693717.00,44,Grand Est,51,Marne,02,3 à 5 salariés
Fonds de solidarité,VOLET1,329,492468.00,44,Grand Est,51,Marne,03,6 à 9 salariés
Fonds de solidarité,VOLET1,41,61500.00,44,Grand Est,51,Marne,11,10 à 19 salariés
Fonds de solidarité,VOLET1,5,7500.00,44,Grand Est,51,Marne,12,20 à 49 salariés
Fonds de solidarité,VOLET1,1093,1463853.00,44,Grand Est,51,Marne,NN,Etablissement non employeur
Fonds de solidarité,VOLET1,1180,1740423.00,44,Grand Est,54,Meurthe-et-Moselle,00,0 salarié
Fonds de solidarité,VOLET1,3661,5426415.00,44,Grand Est,54,Meurthe-et-Moselle,01,1 ou 2 salariés
Fonds de solidarité,VOLET1,1231,1841818.00,44,Grand Est,54,Meurthe-et-Moselle,02,3 à 5 salariés
Fonds de solidarité,VOLET1,318,475094.00,44,Grand Est,54,Meurthe-et-Moselle,03,6 à 9 salariés
Fonds de solidarité,VOLET1,76,114000.00,44,Grand Est,54,Meurthe-et-Moselle,11,10 à 19 salariés
Fonds de solidarité,VOLET1,3,4500.00,44,Grand Est,54,Meurthe-et-Moselle,12,20 à 49 salariés
Fonds de solidarité,VOLET1,1351,1859812.00,44,Grand Est,54,Meurthe-et-Moselle,NN,Etablissement non employeur
Fonds de solidarité,VOLET1,323,471222.00,44,Grand Est,55,Meuse,00,0 salarié
Fonds de solidarité,VOLET1,914,1343319.00,44,Grand Est,55,Meuse,01,1 ou 2 salariés
Fonds de solidarité,VOLET1,276,412088.00,44,Grand Est,55,Meuse,02,3 à 5 salariés
Fonds de solidarité,VOLET1,73,109500.00,44,Grand Est,55,Meuse,03,6 à 9 salariés
Fonds de solidarité,VOLET1,17,25500.00,44,Grand Est,55,Meuse,11,10 à 19 salariés
Fonds de solidarité,VOLET1,344,470748.00,44,Grand Est,55,Meuse,NN,Etablissement non employeur
Fonds de solidarité,VOLET1,1676,2448906.00,44,Grand Est,57,Moselle,00,0 salarié
Fonds de solidarité,VOLET1,5638,8339377.00,44,Grand Est,57,Moselle,01,1 ou 2 salariés
Fonds de solidarité,VOLET1,2350,3518910.00,44,Grand Est,57,Moselle,02,3 à 5 salariés
Fonds de solidarité,VOLET1,702,1053000.00,44,Grand Est,57,Moselle,03,6 à 9 salariés
Fonds de solidarité,VOLET1,85,127500.00,44,Grand Est,57,Moselle,11,10 à 19 salariés
Fonds de solidarité,VOLET1,1476,2026672.00,44,Grand Est,57,Moselle,NN,Etablissement non employeur
Fonds de solidarité,VOLET1,1018,1467423.00,44,Grand Est,88,Vosges,00,0 salarié
Fonds de solidarité,VOLET1,2588,3833669.00,44,Grand Est,88,Vosges,01,1 ou 2 salariés
Fonds de solidarité,VOLET1,821,1227993.00,44,Grand Est,88,Vosges,02,3 à 5 salariés
Fonds de solidarité,VOLET1,203,304500.00,44,Grand Est,88,Vosges,03,6 à 9 salariés
Fonds de solidarité,VOLET1,35,52500.00,44,Grand Est,88,Vosges,11,10 à 19 salariés
Fonds de solidarité,VOLET1,3,4500.00,44,Grand Est,88,Vosges,12,20 à 49 salariés
Fonds de solidarité,VOLET1,1002,1358304.00,44,Grand Est,88,Vosges,NN,Etablissement non employeur
Fonds de solidarité,VOLET1,942,1363095.00,01,Guadeloupe,971,Guadeloupe,00,0 salarié
Fonds de solidarité,VOLET1,3538,5217138.00,01,Guadeloupe,971,Guadeloupe,01,1 ou 2 salariés
Fonds de solidarité,VOLET1,1346,2011964.00,01,Guadeloupe,971,Guadeloupe,02,3 à 5 salariés
Fonds de solidarité,VOLET1,414,618500.00,01,Guadeloupe,971,Guadeloupe,03,6 à 9 salariés
Fonds de solidarité,VOLET1,81,121500.00,01,Guadeloupe,971,Guadeloupe,11,10 à 19 salariés
Fonds de solidarité,VOLET1,2220,3086502.00,01,Guadeloupe,971,Guadeloupe,NN,Etablissement non employeur
Fonds de solidarité,VOLET1,337,489284.00,03,Guyane,973,Guyane,00,0 salarié
Fonds de solidarité,VOLET1,881,1306177.00,03,Guyane,973,Guyane,01,1 ou 2 salariés
Fonds de solidarité,VOLET1,364,543976.00,03,Guyane,973,Guyane,02,3 à 5 salariés
Fonds de solidarité,VOLET1,123,184378.00,03,Guyane,973,Guyane,03,6 à 9 salariés
Fonds de solidarité,VOLET1,27,40500.00,03,Guyane,973,Guyane,11,10 à 19 salariés
Fonds de solidarité,VOLET1,412,586930.00,03,Guyane,973,Guyane,NN,Etablissement non employeur
Fonds de solidarité,VOLET1,752,1084187.00,32,Hauts-de-France,02,Aisne,00,0 salarié
Fonds de solidarité,VOLET1,2355,3493533.00,32,Hauts-de-France,02,Aisne,01,1 ou 2 salariés
Fonds de solidarité,VOLET1,873,1302871.00,32,Hauts-de-France,02,Aisne,02,3 à 5 salariés
Fonds de solidarité,VOLET1,212,317952.00,32,Hauts-de-France,02,Aisne,03,6 à 9 salariés
Fonds de solidarité,VOLET1,25,37437.00,32,Hauts-de-France,02,Aisne,11,10 à 19 salariés
Fonds de solidarité,VOLET1,3,4500.00,32,Hauts-de-France,02,Aisne,12,20 à 49 salariés
Fonds de solidarité,VOLET1,910,1223539.00,32,Hauts-de-France,02,Aisne,NN,Etablissement non employeur
Fonds de solidarité,VOLET1,4357,6317145.00,32,Hauts-de-France,59,Nord,00,0 salarié
Fonds de solidarité,VOLET1,12793,18874580.00,32,Hauts-de-France,59,Nord,01,1 ou 2 salariés
Fonds de solidarité,VOLET1,4472,6691879.00,32,Hauts-de-France,59,Nord,02,3 à 5 salariés
Fonds de solidarité,VOLET1,1299,1945092.00,32,Hauts-de-France,59,Nord,03,6 à 9 salariés
Fonds de solidarité,VOLET1,239,358202.00,32,Hauts-de-France,59,Nord,11,10 à 19 salariés
Fonds de solidarité,VOLET1,20,30000.00,32,Hauts-de-France,59,Nord,12,20 à 49 salariés
Fonds de solidarité,VOLET1,3879,5206780.00,32,Hauts-de-France,59,Nord,NN,Etablissement non employeur
Fonds de solidarité,VOLET1,1303,1915721.00,32,Hauts-de-France,60,Oise,00,0 salarié
Fonds de solidarité,VOLET1,4196,6205368.00,32,Hauts-de-France,60,Oise,01,1 ou 2 salariés
Fonds de solidarité,VOLET1,1481,2217873.00,32,Hauts-de-France,60,Oise,02,3 à 5 salariés
Fonds de solidarité,VOLET1,371,556500.00,32,Hauts-de-France,60,Oise,03,6 à 9 salariés
Fonds de solidarité,VOLET1,67,100500.00,32,Hauts-de-France,60,Oise,11,10 à 19 salariés
Fonds de solidarité,VOLET1,5,7500.00,32,Hauts-de-France,60,Oise,12,20 à 49 salariés
Fonds de solidarité,VOLET1,1280,1775386.00,32,Hauts-de-France,60,Oise,NN,Etablissement non employeur
Fonds de solidarité,VOLET1,2333,3388317.00,32,Hauts-de-France,62,Pas-de-Calais,00,0 salarié
Fonds de solidarité,VOLET1,7318,10789431.00,32,Hauts-de-France,62,Pas-de-Calais,01,1 ou 2 salariés
Fonds de solidarité,VOLET1,2303,3441640.00,32,Hauts-de-France,62,Pas-de-Calais,02,3 à 5 salariés
Fonds de solidarité,VOLET1,680,1017479.00,32,Hauts-de-France,62,Pas-de-Calais,03,6 à 9 salariés
Fonds de solidarité,VOLET1,100,150000.00,32,Hauts-de-France,62,Pas-de-Calais,11,10 à 19 salariés
Fonds de solidarité,VOLET1,7,10500.00,32,Hauts-de-France,62,Pas-de-Calais,12,20 à 49 salariés
Fonds de solidarité,VOLET1,2466,3271731.00,32,Hauts-de-France,62,Pas-de-Calais,NN,Etablissement non employeur
Fonds de solidarité,VOLET1,959,1402030.00,32,Hauts-de-France,80,Somme,00,0 salarié
Fonds de solidarité,VOLET1,2775,4107696.00,32,Hauts-de-France,80,Somme,01,1 ou 2 salariés
Fonds de solidarité,VOLET1,1010,1509028.00,32,Hauts-de-France,80,Somme,02,3 à 5 salariés
Fonds de solidarité,VOLET1,234,350700.00,32,Hauts-de-France,80,Somme,03,6 à 9 salariés
Fonds de solidarité,VOLET1,53,79500.00,32,Hauts-de-France,80,Somme,11,10 à 19 salariés
Fonds de solidarité,VOLET1,1064,1409765.00,32,Hauts-de-France,80,Somme,NN,Etablissement non employeur
Fonds de solidarité,VOLET1,2622,3828807.00,04,La Réunion,974,La Réunion,00,0 salarié
Fonds de solidarité,VOLET1,7129,10522647.00,04,La Réunion,974,La Réunion,01,1 ou 2 salariés
Fonds de solidarité,VOLET1,2526,3774272.00,04,La Réunion,974,La Réunion,02,3 à 5 salariés
Fonds de solidarité,VOLET1,813,1217549.00,04,La Réunion,974,La Réunion,03,6 à 9 salariés
Fonds de solidarité,VOLET1,168,250612.00,04,La Réunion,974,La Réunion,11,10 à 19 salariés
Fonds de solidarité,VOLET1,14,20999.00,04,La Réunion,974,La Réunion,12,20 à 49 salariés
Fonds de solidarité,VOLET1,2721,3704387.00,04,La Réunion,974,La Réunion,NN,Etablissement non employeur
Fonds de solidarité,VOLET1,828,1200936.00,02,Martinique,972,Martinique,00,0 salarié
Fonds de solidarité,VOLET1,2874,4247614.00,02,Martinique,972,Martinique,01,1 ou 2 salariés
Fonds de solidarité,VOLET1,1121,1678048.00,02,Martinique,972,Martinique,02,3 à 5 salariés
Fonds de solidarité,VOLET1,392,588000.00,02,Martinique,972,Martinique,03,6 à 9 salariés
Fonds de solidarité,VOLET1,78,116569.00,02,Martinique,972,Martinique,11,10 à 19 salariés
Fonds de solidarité,VOLET1,11,16500.00,02,Martinique,972,Martinique,12,20 à 49 salariés
Fonds de solidarité,VOLET1,1660,2231188.00,02,Martinique,972,Martinique,NN,Etablissement non employeur
Fonds de solidarité,VOLET1,279,414719.00,06,Mayotte,976,Mayotte,00,0 salarié
Fonds de solidarité,VOLET1,94,140610.00,06,Mayotte,976,Mayotte,01,1 ou 2 salariés
Fonds de solidarité,VOLET1,41,61500.00,06,Mayotte,976,Mayotte,02,3 à 5 salariés
Fonds de solidarité,VOLET1,13,19500.00,06,Mayotte,976,Mayotte,03,6 à 9 salariés
Fonds de solidarité,VOLET1,7,10500.00,06,Mayotte,976,Mayotte,11,10 à 19 salariés
Fonds de solidarité,VOLET1,1964,2862914.00,28,Normandie,14,Calvados,00,0 salarié
Fonds de solidarité,VOLET1,4879,7212508.00,28,Normandie,14,Calvados,01,1 ou 2 salariés
Fonds de solidarité,VOLET1,1577,2358583.00,28,Normandie,14,Calvados,02,3 à 5 salariés
Fonds de solidarité,VOLET1,460,688405.00,28,Normandie,14,Calvados,03,6 à 9 salariés
Fonds de solidarité,VOLET1,70,105000.00,28,Normandie,14,Calvados,11,10 à 19 salariés
Fonds de solidarité,VOLET1,8,12000.00,28,Normandie,14,Calvados,12,20 à 49 salariés
Fonds de solidarité,VOLET1,1467,1988347.00,28,Normandie,14,Calvados,NN,Etablissement non employeur
Fonds de solidarité,VOLET1,1100,1608397.00,28,Normandie,27,Eure,00,0 salarié
Fonds de solidarité,VOLET1,3294,4875720.00,28,Normandie,27,Eure,01,1 ou 2 salariés
Fonds de solidarité,VOLET1,1060,1584970.00,28,Normandie,27,Eure,02,3 à 5 salariés
Fonds de solidarité,VOLET1,278,416542.00,28,Normandie,27,Eure,03,6 à 9 salariés
Fonds de solidarité,VOLET1,36,54000.00,28,Normandie,27,Eure,11,10 à 19 salariés
Fonds de solidarité,VOLET1,5,7500.00,28,Normandie,27,Eure,12,20 à 49 salariés
Fonds de solidarité,VOLET1,1036,1389494.00,28,Normandie,27,Eure,NN,Etablissement non employeur
Fonds de solidarité,VOLET1,1248,1835930.00,28,Normandie,50,Manche,00,0 salarié
Fonds de solidarité,VOLET1,3301,4896544.00,28,Normandie,50,Manche,01,1 ou 2 salariés
Fonds de solidarité,VOLET1,992,1483511.00,28,Normandie,50,Manche,02,3 à 5 salariés
Fonds de solidarité,VOLET1,268,401683.00,28,Normandie,50,Manche,03,6 à 9 salariés
Fonds de solidarité,VOLET1,26,39000.00,28,Normandie,50,Manche,11,10 à 19 salariés
Fonds de solidarité,VOLET1,1031,1385276.00,28,Normandie,50,Manche,NN,Etablissement non employeur
Fonds de solidarité,VOLET1,594,874138.00,28,Normandie,61,Orne,00,0 salarié
Fonds de solidarité,VOLET1,1773,2625326.00,28,Normandie,61,Orne,01,1 ou 2 salariés
Fonds de solidarité,VOLET1,480,715701.00,28,Normandie,61,Orne,02,3 à 5 salariés
Fonds de solidarité,VOLET1,112,168000.00,28,Normandie,61,Orne,03,6 à 9 salariés
Fonds de solidarité,VOLET1,9,13500.00,28,Normandie,61,Orne,11,10 à 19 salariés
Fonds de solidarité,VOLET1,684,943109.00,28,Normandie,61,Orne,NN,Etablissement non employeur
Fonds de solidarité,VOLET1,1899,2782159.00,28,Normandie,76,Seine-Maritime,00,0 salarié
Fonds de solidarité,VOLET1,6269,9282282.00,28,Normandie,76,Seine-Maritime,01,1 ou 2 salariés
Fonds de solidarité,VOLET1,2222,3325997.00,28,Normandie,76,Seine-Maritime,02,3 à 5 salariés
Fonds de solidarité,VOLET1,561,840785.00,28,Normandie,76,Seine-Maritime,03,6 à 9 salariés
Fonds de solidarité,VOLET1,126,188810.00,28,Normandie,76,Seine-Maritime,11,10 à 19 salariés
Fonds de solidarité,VOLET1,7,10500.00,28,Normandie,76,Seine-Maritime,12,20 à 49 salariés
Fonds de solidarité,VOLET1,1882,2527032.00,28,Normandie,76,Seine-Maritime,NN,Etablissement non employeur
Fonds de solidarité,VOLET1,761,1108970.00,75,Nouvelle-Aquitaine,16,Charente,00,0 salarié
Fonds de solidarité,VOLET1,2162,3189041.00,75,Nouvelle-Aquitaine,16,Charente,01,1 ou 2 salariés
Fonds de solidarité,VOLET1,698,1042790.00,75,Nouvelle-Aquitaine,16,Charente,02,3 à 5 salariés
Fonds de solidarité,VOLET1,210,312911.00,75,Nouvelle-Aquitaine,16,Charente,03,6 à 9 salariés
Fonds de solidarité,VOLET1,34,51000.00,75,Nouvelle-Aquitaine,16,Charente,11,10 à 19 salariés
Fonds de solidarité,VOLET1,873,1161146.00,75,Nouvelle-Aquitaine,16,Charente,NN,Etablissement non employeur
Fonds de solidarité,VOLET1,2733,3975104.00,75,Nouvelle-Aquitaine,17,Charente-Maritime,00,0 salarié
Fonds de solidarité,VOLET1,5518,8165796.00,75,Nouvelle-Aquitaine,17,Charente-Maritime,01,1 ou 2 salariés
Fonds de solidarité,VOLET1,1608,2405395.00,75,Nouvelle-Aquitaine,17,Charente-Maritime,02,3 à 5 salariés
Fonds de solidarité,VOLET1,393,589500.00,75,Nouvelle-Aquitaine,17,Charente-Maritime,03,6 à 9 salariés
Fonds de solidarité,VOLET1,56,83928.00,75,Nouvelle-Aquitaine,17,Charente-Maritime,11,10 à 19 salariés
Fonds de solidarité,VOLET1,4,6000.00,75,Nouvelle-Aquitaine,17,Charente-Maritime,12,20 à 49 salariés
Fonds de solidarité,VOLET1,1760,2390571.00,75,Nouvelle-Aquitaine,17,Charente-Maritime,NN,Etablissement non employeur
Fonds de solidarité,VOLET1,672,973722.00,75,Nouvelle-Aquitaine,19,Corrèze,00,0 salarié
Fonds de solidarité,VOLET1,1744,2570449.00,75,Nouvelle-Aquitaine,19,Corrèze,01,1 ou 2 salariés
Fonds de solidarité,VOLET1,491,734389.00,75,Nouvelle-Aquitaine,19,Corrèze,02,3 à 5 salariés
Fonds de solidarité,VOLET1,137,205500.00,75,Nouvelle-Aquitaine,19,Corrèze,03,6 à 9 salariés
Fonds de solidarité,VOLET1,18,27000.00,75,Nouvelle-Aquitaine,19,Corrèze,11,10 à 19 salariés
Fonds de solidarité,VOLET1,822,1102124.00,75,Nouvelle-Aquitaine,19,Corrèze,NN,Etablissement non employeur
Fonds de solidarité,VOLET1,228,330728.00,75,Nouvelle-Aquitaine,23,Creuse,00,0 salarié
Fonds de solidarité,VOLET1,654,956129.00,75,Nouvelle-Aquitaine,23,Creuse,01,1 ou 2 salariés
Fonds de solidarité,VOLET1,211,312846.00,75,Nouvelle-Aquitaine,23,Creuse,02,3 à 5 salariés
Fonds de solidarité,VOLET1,32,48000.00,75,Nouvelle-Aquitaine,23,Creuse,03,6 à 9 salariés
Fonds de solidarité,VOLET1,4,6000.00,75,Nouvelle-Aquitaine,23,Creuse,11,10 à 19 salariés
Fonds de solidarité,VOLET1,361,471421.00,75,Nouvelle-Aquitaine,23,Creuse,NN,Etablissement non employeur
Fonds de solidarité,VOLET1,594,871547.00,75,Nouvelle-Aquitaine,79,Deux-Sèvres,00,0 salarié
Fonds de solidarité,VOLET1,1949,2894892.00,75,Nouvelle-Aquitaine,79,Deux-Sèvres,01,1 ou 2 salariés
Fonds de solidarité,VOLET1,640,958546.00,75,Nouvelle-Aquitaine,79,Deux-Sèvres,02,3 à 5 salariés
Fonds de solidarité,VOLET1,155,232500.00,75,Nouvelle-Aquitaine,79,Deux-Sèvres,03,6 à 9 salariés
Fonds de solidarité,VOLET1,28,42000.00,75,Nouvelle-Aquitaine,79,Deux-Sèvres,11,10 à 19 salariés
Fonds de solidarité,VOLET1,632,875572.00,75,Nouvelle-Aquitaine,79,Deux-Sèvres,NN,Etablissement non employeur
Fonds de solidarité,VOLET1,1638,2357202.00,75,Nouvelle-Aquitaine,24,Dordogne,00,0 salarié
Fonds de solidarité,VOLET1,3501,5159923.00,75,Nouvelle-Aquitaine,24,Dordogne,01,1 ou 2 salariés
Fonds de solidarité,VOLET1,963,1439354.00,75,Nouvelle-Aquitaine,24,Dordogne,02,3 à 5 salariés
Fonds de solidarité,VOLET1,233,348636.00,75,Nouvelle-Aquitaine,24,Dordogne,03,6 à 9 salariés
Fonds de solidarité,VOLET1,38,57000.00,75,Nouvelle-Aquitaine,24,Dordogne,11,10 à 19 salariés
Fonds de solidarité,VOLET1,1501,1995454.00,75,Nouvelle-Aquitaine,24,Dordogne,NN,Etablissement non employeur
Fonds de solidarité,VOLET1,5454,7953703.00,75,Nouvelle-Aquitaine,33,Gironde,00,0 salarié
Fonds de solidarité,VOLET1,11801,17405204.00,75,Nouvelle-Aquitaine,33,Gironde,01,1 ou 2 salariés
Fonds de solidarité,VOLET1,3986,5950603.00,75,Nouvelle-Aquitaine,33,Gironde,02,3 à 5 salariés
Fonds de solidarité,VOLET1,1163,1741759.00,75,Nouvelle-Aquitaine,33,Gironde,03,6 à 9 salariés
Fonds de solidarité,VOLET1,225,337500.00,75,Nouvelle-Aquitaine,33,Gironde,11,10 à 19 salariés
Fonds de solidarité,VOLET1,9,13500.00,75,Nouvelle-Aquitaine,33,Gironde,12,20 à 49 salariés
Fonds de solidarité,VOLET1,3,4500.00,75,Nouvelle-Aquitaine,33,Gironde,21,50 à 99 salariés
Fonds de solidarité,VOLET1,4064,5609637.00,75,Nouvelle-Aquitaine,33,Gironde,NN,Etablissement non employeur
Fonds de solidarité,VOLET1,826,1204585.00,75,Nouvelle-Aquitaine,87,Haute-Vienne,00,0 salarié
Fonds de solidarité,VOLET1,2114,3129042.00,75,Nouvelle-Aquitaine,87,Haute-Vienne,01,1 ou 2 salariés
Fonds de solidarité,VOLET1,688,1029196.00,75,Nouvelle-Aquitaine,87,Haute-Vienne,02,3 à 5 salariés
Fonds de solidarité,VOLET1,203,304500.00,75,Nouvelle-Aquitaine,87,Haute-Vienne,03,6 à 9 salariés
Fonds de solidarité,VOLET1,38,57000.00,75,Nouvelle-Aquitaine,87,Haute-Vienne,11,10 à 19 salariés
Fonds de solidarité,VOLET1,1006,1362399.00,75,Nouvelle-Aquitaine,87,Haute-Vienne,NN,Etablissement non employeur
Fonds de solidarité,VOLET1,1768,2552020.00,75,Nouvelle-Aquitaine,40,Landes,00,0 salarié
Fonds de solidarité,VOLET1,3340,4921229.00,75,Nouvelle-Aquitaine,40,Landes,01,1 ou 2 salariés
Fonds de solidarité,VOLET1,1000,1491196.00,75,Nouvelle-Aquitaine,40,Landes,02,3 à 5 salariés
Fonds de solidarité,VOLET1,238,355846.00,75,Nouvelle-Aquitaine,40,Landes,03,6 à 9 salariés
Fonds de solidarité,VOLET1,52,76734.00,75,Nouvelle-Aquitaine,40,Landes,11,10 à 19 salariés
Fonds de solidarité,VOLET1,7,10500.00,75,Nouvelle-Aquitaine,40,Landes,12,20 à 49 salariés
Fonds de solidarité,VOLET1,962,1292281.00,75,Nouvelle-Aquitaine,40,Landes,NN,Etablissement non employeur
Fonds de solidarité,VOLET1,1043,1513831.00,75,Nouvelle-Aquitaine,47,Lot-et-Garonne,00,0 salarié
Fonds de solidarité,VOLET1,2287,3379707.00,75,Nouvelle-Aquitaine,47,Lot-et-Garonne,01,1 ou 2 salariés
Fonds de solidarité,VOLET1,776,1160632.00,75,Nouvelle-Aquitaine,47,Lot-et-Garonne,02,3 à 5 salariés
Fonds de solidarité,VOLET1,175,262500.00,75,Nouvelle-Aquitaine,47,Lot-et-Garonne,03,6 à 9 salariés
Fonds de solidarité,VOLET1,35,52500.00,75,Nouvelle-Aquitaine,47,Lot-et-Garonne,11,10 à 19 salariés
Fonds de solidarité,VOLET1,954,1316963.00,75,Nouvelle-Aquitaine,47,Lot-et-Garonne,NN,Etablissement non employeur
Fonds de solidarité,VOLET1,2275,3297287.00,75,Nouvelle-Aquitaine,64,Pyrénées-Atlantiques,00,0 salarié
Fonds de solidarité,VOLET1,5981,8830096.00,75,Nouvelle-Aquitaine,64,Pyrénées-Atlantiques,01,1 ou 2 salariés
Fonds de solidarité,VOLET1,1961,2925680.00,75,Nouvelle-Aquitaine,64,Pyrénées-Atlantiques,02,3 à 5 salariés
Fonds de solidarité,VOLET1,502,751800.00,75,Nouvelle-Aquitaine,64,Pyrénées-Atlantiques,03,6 à 9 salariés
Fonds de solidarité,VOLET1,71,106200.00,75,Nouvelle-Aquitaine,64,Pyrénées-Atlantiques,11,10 à 19 salariés
Fonds de solidarité,VOLET1,4,6000.00,75,Nouvelle-Aquitaine,64,Pyrénées-Atlantiques,12,20 à 49 salariés
Fonds de solidarité,VOLET1,2213,3036863.00,75,Nouvelle-Aquitaine,64,Pyrénées-Atlantiques,NN,Etablissement non employeur
Fonds de solidarité,VOLET1,754,1098142.00,75,Nouvelle-Aquitaine,86,Vienne,00,0 salarié
Fonds de solidarité,VOLET1,2269,3351655.00,75,Nouvelle-Aquitaine,86,Vienne,01,1 ou 2 salariés
Fonds de solidarité,VOLET1,747,1116647.00,75,Nouvelle-Aquitaine,86,Vienne,02,3 à 5 salariés
Fonds de solidarité,VOLET1,209,312001.00,75,Nouvelle-Aquitaine,86,Vienne,03,6 à 9 salariés
Fonds de solidarité,VOLET1,31,46500.00,75,Nouvelle-Aquitaine,86,Vienne,11,10 à 19 salariés
Fonds de solidarité,VOLET1,3,3808.00,75,Nouvelle-Aquitaine,86,Vienne,12,20 à 49 salariés
Fonds de solidarité,VOLET1,784,1076319.00,75,Nouvelle-Aquitaine,86,Vienne,NN,Etablissement non employeur
Fonds de solidarité,VOLET1,313,454622.00,76,Occitanie,09,Ariège,00,0 salarié
Fonds de solidarité,VOLET1,1119,1643404.00,76,Occitanie,09,Ariège,01,1 ou 2 salariés
Fonds de solidarité,VOLET1,390,583801.00,76,Occitanie,09,Ariège,02,3 à 5 salariés
Fonds de solidarité,VOLET1,95,142041.00,76,Occitanie,09,Ariège,03,6 à 9 salariés
Fonds de solidarité,VOLET1,16,24000.00,76,Occitanie,09,Ariège,11,10 à 19 salariés
Fonds de solidarité,VOLET1,533,670572.00,76,Occitanie,09,Ariège,NN,Etablissement non employeur
Fonds de solidarité,VOLET1,1681,2434387.00,76,Occitanie,11,Aude,00,0 salarié
Fonds de solidarité,VOLET1,3203,4721223.00,76,Occitanie,11,Aude,01,1 ou 2 salariés
Fonds de solidarité,VOLET1,964,1438349.00,76,Occitanie,11,Aude,02,3 à 5 salariés
Fonds de solidarité,VOLET1,253,376924.00,76,Occitanie,11,Aude,03,6 à 9 salariés
Fonds de solidarité,VOLET1,34,51000.00,76,Occitanie,11,Aude,11,10 à 19 salariés
Fonds de solidarité,VOLET1,3,4500.00,76,Occitanie,11,Aude,12,20 à 49 salariés
Fonds de solidarité,VOLET1,1125,1506803.00,76,Occitanie,11,Aude,NN,Etablissement non employeur
Fonds de solidarité,VOLET1,1050,1521734.00,76,Occitanie,12,Aveyron,00,0 salarié
Fonds de solidarité,VOLET1,2271,3347157.00,76,Occitanie,12,Aveyron,01,1 ou 2 salariés
Fonds de solidarité,VOLET1,671,1000481.00,76,Occitanie,12,Aveyron,02,3 à 5 salariés
Fonds de solidarité,VOLET1,168,250624.00,76,Occitanie,12,Aveyron,03,6 à 9 salariés
Fonds de solidarité,VOLET1,27,40500.00,76,Occitanie,12,Aveyron,11,10 à 19 salariés
Fonds de solidarité,VOLET1,5,7500.00,76,Occitanie,12,Aveyron,12,20 à 49 salariés
Fonds de solidarité,VOLET1,1168,1582185.00,76,Occitanie,12,Aveyron,NN,Etablissement non employeur
Fonds de solidarité,VOLET1,2714,3954551.00,76,Occitanie,30,Gard,00,0 salarié
Fonds de solidarité,VOLET1,6543,9646769.00,76,Occitanie,30,Gard,01,1 ou 2 salariés
Fonds de solidarité,VOLET1,1866,2782771.00,76,Occitanie,30,Gard,02,3 à 5 salariés
Fonds de solidarité,VOLET1,397,592356.00,76,Occitanie,30,Gard,03,6 à 9 salariés
Fonds de solidarité,VOLET1,56,84000.00,76,Occitanie,30,Gard,11,10 à 19 salariés
Fonds de solidarité,VOLET1,2452,3319111.00,76,Occitanie,30,Gard,NN,Etablissement non employeur
Fonds de solidarité,VOLET1,613,897697.00,76,Occitanie,32,Gers,00,0 salarié
Fonds de solidarité,VOLET1,1412,2074837.00,76,Occitanie,32,Gers,01,1 ou 2 salariés
Fonds de solidarité,VOLET1,453,671418.00,76,Occitanie,32,Gers,02,3 à 5 salariés
Fonds de solidarité,VOLET1,103,154212.00,76,Occitanie,32,Gers,03,6 à 9 salariés
Fonds de solidarité,VOLET1,22,32714.00,76,Occitanie,32,Gers,11,10 à 19 salariés
Fonds de solidarité,VOLET1,728,979809.00,76,Occitanie,32,Gers,NN,Etablissement non employeur
Fonds de solidarité,VOLET1,3834,5595604.00,76,Occitanie,31,Haute-Garonne,00,0 salarié
Fonds de solidarité,VOLET1,9390,13886318.00,76,Occitanie,31,Haute-Garonne,01,1 ou 2 salariés
Fonds de solidarité,VOLET1,3308,4939804.00,76,Occitanie,31,Haute-Garonne,02,3 à 5 salariés
Fonds de solidarité,VOLET1,971,1456272.00,76,Occitanie,31,Haute-Garonne,03,6 à 9 salariés
Fonds de solidarité,VOLET1,170,255000.00,76,Occitanie,31,Haute-Garonne,11,10 à 19 salariés
Fonds de solidarité,VOLET1,6,7228.00,76,Occitanie,31,Haute-Garonne,12,20 à 49 salariés
Fonds de solidarité,VOLET1,3712,5070675.00,76,Occitanie,31,Haute-Garonne,NN,Etablissement non employeur
Fonds de solidarité,VOLET1,787,1138406.00,76,Occitanie,65,Hautes-Pyrénées,00,0 salarié
Fonds de solidarité,VOLET1,1983,2926696.00,76,Occitanie,65,Hautes-Pyrénées,01,1 ou 2 salariés
Fonds de solidarité,VOLET1,644,962677.00,76,Occitanie,65,Hautes-Pyrénées,02,3 à 5 salariés
Fonds de solidarité,VOLET1,149,219994.00,76,Occitanie,65,Hautes-Pyrénées,03,6 à 9 salariés
Fonds de solidarité,VOLET1,31,46500.00,76,Occitanie,65,Hautes-Pyrénées,11,10 à 19 salariés
Fonds de solidarité,VOLET1,1063,1441793.00,76,Occitanie,65,Hautes-Pyrénées,NN,Etablissement non employeur
Fonds de solidarité,VOLET1,5125,7458900.00,76,Occitanie,34,Hérault,00,0 salarié
Fonds de solidarité,VOLET1,11527,16985187.00,76,Occitanie,34,Hérault,01,1 ou 2 salariés
Fonds de solidarité,VOLET1,3507,5236848.00,76,Occitanie,34,Hérault,02,3 à 5 salariés
Fonds de solidarité,VOLET1,871,1300812.00,76,Occitanie,34,Hérault,03,6 à 9 salariés
Fonds de solidarité,VOLET1,132,196700.00,76,Occitanie,34,Hérault,11,10 à 19 salariés
Fonds de solidarité,VOLET1,9,13500.00,76,Occitanie,34,Hérault,12,20 à 49 salariés
Fonds de solidarité,VOLET1,3688,5003951.00,76,Occitanie,34,Hérault,NN,Etablissement non employeur
Fonds de solidarité,VOLET1,769,1121019.00,76,Occitanie,46,Lot,00,0 salarié
Fonds de solidarité,VOLET1,1402,2074798.00,76,Occitanie,46,Lot,01,1 ou 2 salariés
Fonds de solidarité,VOLET1,385,575618.00,76,Occitanie,46,Lot,02,3 à 5 salariés
Fonds de solidarité,VOLET1,103,154335.00,76,Occitanie,46,Lot,03,6 à 9 salariés
Fonds de solidarité,VOLET1,6,7798.00,76,Occitanie,46,Lot,11,10 à 19 salariés
Fonds de solidarité,VOLET1,726,972378.00,76,Occitanie,46,Lot,NN,Etablissement non employeur
Fonds de solidarité,VOLET1,413,599755.00,76,Occitanie,48,Lozère,00,0 salarié
Fonds de solidarité,VOLET1,627,915105.00,76,Occitanie,48,Lozère,01,1 ou 2 salariés
Fonds de solidarité,VOLET1,181,267956.00,76,Occitanie,48,Lozère,02,3 à 5 salariés
Fonds de solidarité,VOLET1,34,51000.00,76,Occitanie,48,Lozère,03,6 à 9 salariés
Fonds de solidarité,VOLET1,4,6000.00,76,Occitanie,48,Lozère,11,10 à 19 salariés
Fonds de solidarité,VOLET1,276,378776.00,76,Occitanie,48,Lozère,NN,Etablissement non employeur
Fonds de solidarité,VOLET1,2347,3418437.00,76,Occitanie,66,Pyrénées-Orientales,00,0 salarié
Fonds de solidarité,VOLET1,4253,6240496.00,76,Occitanie,66,Pyrénées-Orientales,01,1 ou 2 salariés
Fonds de solidarité,VOLET1,1312,1960503.00,76,Occitanie,66,Pyrénées-Orientales,02,3 à 5 salariés
Fonds de solidarité,VOLET1,345,517500.00,76,Occitanie,66,Pyrénées-Orientales,03,6 à 9 salariés
Fonds de solidarité,VOLET1,61,91500.00,76,Occitanie,66,Pyrénées-Orientales,11,10 à 19 salariés
Fonds de solidarité,VOLET1,1595,2153707.00,76,Occitanie,66,Pyrénées-Orientales,NN,Etablissement non employeur
Fonds de solidarité,VOLET1,1045,1522240.00,76,Occitanie,81,Tarn,00,0 salarié
Fonds de solidarité,VOLET1,2689,3981194.00,76,Occitanie,81,Tarn,01,1 ou 2 salariés
Fonds de solidarité,VOLET1,784,1170057.00,76,Occitanie,81,Tarn,02,3 à 5 salariés
Fonds de solidarité,VOLET1,161,241300.00,76,Occitanie,81,Tarn,03,6 à 9 salariés
Fonds de solidarité,VOLET1,32,47842.00,76,Occitanie,81,Tarn,11,10 à 19 salariés
Fonds de solidarité,VOLET1,1097,1486153.00,76,Occitanie,81,Tarn,NN,Etablissement non employeur
Fonds de solidarité,VOLET1,681,987288.00,76,Occitanie,82,Tarn-et-Garonne,00,0 salarié
Fonds de solidarité,VOLET1,1731,2558740.00,76,Occitanie,82,Tarn-et-Garonne,01,1 ou 2 salariés
Fonds de solidarité,VOLET1,516,769805.00,76,Occitanie,82,Tarn-et-Garonne,02,3 à 5 salariés
Fonds de solidarité,VOLET1,143,214500.00,76,Occitanie,82,Tarn-et-Garonne,03,6 à 9 salariés
Fonds de solidarité,VOLET1,22,33000.00,76,Occitanie,82,Tarn-et-Garonne,11,10 à 19 salariés
Fonds de solidarité,VOLET1,3,4500.00,76,Occitanie,82,Tarn-et-Garonne,12,20 à 49 salariés
Fonds de solidarité,VOLET1,748,991275.00,76,Occitanie,82,Tarn-et-Garonne,NN,Etablissement non employeur
Fonds de solidarité,VOLET1,3242,4749603.00,52,Pays de la Loire,44,Loire-Atlantique,00,0 salarié
Fonds de solidarité,VOLET1,8167,12109706.00,52,Pays de la Loire,44,Loire-Atlantique,01,1 ou 2 salariés
Fonds de solidarité,VOLET1,2958,4422973.00,52,Pays de la Loire,44,Loire-Atlantique,02,3 à 5 salariés
Fonds de solidarité,VOLET1,731,1095396.00,52,Pays de la Loire,44,Loire-Atlantique,03,6 à 9 salariés
Fonds de solidarité,VOLET1,118,175228.00,52,Pays de la Loire,44,Loire-Atlantique,11,10 à 19 salariés
Fonds de solidarité,VOLET1,7,10500.00,52,Pays de la Loire,44,Loire-Atlantique,12,20 à 49 salariés
Fonds de solidarité,VOLET1,2634,3586854.00,52,Pays de la Loire,44,Loire-Atlantique,NN,Etablissement non employeur
Fonds de solidarité,VOLET1,1466,2145026.00,52,Pays de la Loire,49,Maine-et-Loire,00,0 salarié
Fonds de solidarité,VOLET1,4635,6869745.00,52,Pays de la Loire,49,Maine-et-Loire,01,1 ou 2 salariés
Fonds de solidarité,VOLET1,1478,2205277.00,52,Pays de la Loire,49,Maine-et-Loire,02,3 à 5 salariés
Fonds de solidarité,VOLET1,383,571702.00,52,Pays de la Loire,49,Maine-et-Loire,03,6 à 9 salariés
Fonds de solidarité,VOLET1,46,69000.00,52,Pays de la Loire,49,Maine-et-Loire,11,10 à 19 salariés
Fonds de solidarité,VOLET1,5,7500.00,52,Pays de la Loire,49,Maine-et-Loire,12,20 à 49 salariés
Fonds de solidarité,VOLET1,1442,1985140.00,52,Pays de la Loire,49,Maine-et-Loire,NN,Etablissement non employeur
Fonds de solidarité,VOLET1,609,891837.00,52,Pays de la Loire,53,Mayenne,00,0 salarié
Fonds de solidarité,VOLET1,1669,2471132.00,52,Pays de la Loire,53,Mayenne,01,1 ou 2 salariés
Fonds de solidarité,VOLET1,511,765526.00,52,Pays de la Loire,53,Mayenne,02,3 à 5 salariés
Fonds de solidarité,VOLET1,132,197918.00,52,Pays de la Loire,53,Mayenne,03,6 à 9 salariés
Fonds de solidarité,VOLET1,15,22500.00,52,Pays de la Loire,53,Mayenne,11,10 à 19 salariés
Fonds de solidarité,VOLET1,3,4500.00,52,Pays de la Loire,53,Mayenne,12,20 à 49 salariés
Fonds de solidarité,VOLET1,509,692085.00,52,Pays de la Loire,53,Mayenne,NN,Etablissement non employeur
Fonds de solidarité,VOLET1,1000,1460680.00,52,Pays de la Loire,72,Sarthe,00,0 salarié
Fonds de solidarité,VOLET1,2749,4073648.00,52,Pays de la Loire,72,Sarthe,01,1 ou 2 salariés
Fonds de solidarité,VOLET1,892,1331656.00,52,Pays de la Loire,72,Sarthe,02,3 à 5 salariés
Fonds de solidarité,VOLET1,215,321699.00,52,Pays de la Loire,72,Sarthe,03,6 à 9 salariés
Fonds de solidarité,VOLET1,39,58500.00,52,Pays de la Loire,72,Sarthe,11,10 à 19 salariés
Fonds de solidarité,VOLET1,883,1171995.00,52,Pays de la Loire,72,Sarthe,NN,Etablissement non employeur
Fonds de solidarité,VOLET1,2042,2975455.00,52,Pays de la Loire,85,Vendée,00,0 salarié
Fonds de solidarité,VOLET1,4338,6411317.00,52,Pays de la Loire,85,Vendée,01,1 ou 2 salariés
Fonds de solidarité,VOLET1,1522,2272428.00,52,Pays de la Loire,85,Vendée,02,3 à 5 salariés
Fonds de solidarité,VOLET1,340,509540.00,52,Pays de la Loire,85,Vendée,03,6 à 9 salariés
Fonds de solidarité,VOLET1,37,55500.00,52,Pays de la Loire,85,Vendée,11,10 à 19 salariés
Fonds de solidarité,VOLET1,3,4464.00,52,Pays de la Loire,85,Vendée,12,20 à 49 salariés
Fonds de solidarité,VOLET1,1309,1805660.00,52,Pays de la Loire,85,Vendée,NN,Etablissement non employeur
Fonds de solidarité,VOLET1,5015,7328435.00,93,Provence-Alpes-Côte d'Azur,06,Alpes-Maritimes,00,0 salarié
Fonds de solidarité,VOLET1,12612,18655839.00,93,Provence-Alpes-Côte d'Azur,06,Alpes-Maritimes,01,1 ou 2 salariés
Fonds de solidarité,VOLET1,3845,5747903.00,93,Provence-Alpes-Côte d'Azur,06,Alpes-Maritimes,02,3 à 5 salariés
Fonds de solidarité,VOLET1,1027,1537590.00,93,Provence-Alpes-Côte d'Azur,06,Alpes-Maritimes,03,6 à 9 salariés
Fonds de solidarité,VOLET1,208,311771.00,93,Provence-Alpes-Côte d'Azur,06,Alpes-Maritimes,11,10 à 19 salariés
Fonds de solidarité,VOLET1,13,19500.00,93,Provence-Alpes-Côte d'Azur,06,Alpes-Maritimes,12,20 à 49 salariés
Fonds de solidarité,VOLET1,4387,6102959.00,93,Provence-Alpes-Côte d'Azur,06,Alpes-Maritimes,NN,Etablissement non employeur
Fonds de solidarité,VOLET1,894,1296113.00,93,Provence-Alpes-Côte d'Azur,04,Alpes-de-Haute-Provence,00,0 salarié
Fonds de solidarité,VOLET1,1770,2600002.00,93,Provence-Alpes-Côte d'Azur,04,Alpes-de-Haute-Provence,01,1 ou 2 salariés
Fonds de solidarité,VOLET1,510,760630.00,93,Provence-Alpes-Côte d'Azur,04,Alpes-de-Haute-Provence,02,3 à 5 salariés
Fonds de solidarité,VOLET1,94,140669.00,93,Provence-Alpes-Côte d'Azur,04,Alpes-de-Haute-Provence,03,6 à 9 salariés
Fonds de solidarité,VOLET1,20,30000.00,93,Provence-Alpes-Côte d'Azur,04,Alpes-de-Haute-Provence,11,10 à 19 salariés
Fonds de solidarité,VOLET1,725,979597.00,93,Provence-Alpes-Côte d'Azur,04,Alpes-de-Haute-Provence,NN,Etablissement non employeur
Fonds de solidarité,VOLET1,6390,9356935.00,93,Provence-Alpes-Côte d'Azur,13,Bouches-du-Rhône,00,0 salarié
Fonds de solidarité,VOLET1,17912,26483334.00,93,Provence-Alpes-Côte d'Azur,13,Bouches-du-Rhône,01,1 ou 2 salariés
Fonds de solidarité,VOLET1,5626,8415102.00,93,Provence-Alpes-Côte d'Azur,13,Bouches-du-Rhône,02,3 à 5 salariés
Fonds de solidarité,VOLET1,1435,2147676.00,93,Provence-Alpes-Côte d'Azur,13,Bouches-du-Rhône,03,6 à 9 salariés
Fonds de solidarité,VOLET1,306,458354.00,93,Provence-Alpes-Côte d'Azur,13,Bouches-du-Rhône,11,10 à 19 salariés
Fonds de solidarité,VOLET1,12,18000.00,93,Provence-Alpes-Côte d'Azur,13,Bouches-du-Rhône,12,20 à 49 salariés
Fonds de solidarité,VOLET1,4,6000.00,93,Provence-Alpes-Côte d'Azur,13,Bouches-du-Rhône,21,50 à 99 salariés
Fonds de solidarité,VOLET1,5828,8011799.00,93,Provence-Alpes-Côte d'Azur,13,Bouches-du-Rhône,NN,Etablissement non employeur
Fonds de solidarité,VOLET1,752,1095786.00,93,Provence-Alpes-Côte d'Azur,05,Hautes-Alpes,00,0 salarié
Fonds de solidarité,VOLET1,1714,2521473.00,93,Provence-Alpes-Côte d'Azur,05,Hautes-Alpes,01,1 ou 2 salariés
Fonds de solidarité,VOLET1,639,952944.00,93,Provence-Alpes-Côte d'Azur,05,Hautes-Alpes,02,3 à 5 salariés
Fonds de solidarité,VOLET1,188,281561.00,93,Provence-Alpes-Côte d'Azur,05,Hautes-Alpes,03,6 à 9 salariés
Fonds de solidarité,VOLET1,55,82500.00,93,Provence-Alpes-Côte d'Azur,05,Hautes-Alpes,11,10 à 19 salariés
Fonds de solidarité,VOLET1,1281,1799931.00,93,Provence-Alpes-Côte d'Azur,05,Hautes-Alpes,NN,Etablissement non employeur
Fonds de solidarité,VOLET1,5431,7824287.00,93,Provence-Alpes-Côte d'Azur,83,Var,00,0 salarié
Fonds de solidarité,VOLET1,11034,16223054.00,93,Provence-Alpes-Côte d'Azur,83,Var,01,1 ou 2 salariés
Fonds de solidarité,VOLET1,3051,4558134.00,93,Provence-Alpes-Côte d'Azur,83,Var,02,3 à 5 salariés
Fonds de solidarité,VOLET1,703,1050914.00,93,Provence-Alpes-Côte d'Azur,83,Var,03,6 à 9 salariés
Fonds de solidarité,VOLET1,105,157500.00,93,Provence-Alpes-Côte d'Azur,83,Var,11,10 à 19 salariés
Fonds de solidarité,VOLET1,7,10500.00,93,Provence-Alpes-Côte d'Azur,83,Var,12,20 à 49 salariés
Fonds de solidarité,VOLET1,3520,4849945.00,93,Provence-Alpes-Côte d'Azur,83,Var,NN,Etablissement non employeur
Fonds de solidarité,VOLET1,2308,3349866.00,93,Provence-Alpes-Côte d'Azur,84,Vaucluse,00,0 salarié
Fonds de solidarité,VOLET1,6039,8912162.00,93,Provence-Alpes-Côte d'Azur,84,Vaucluse,01,1 ou 2 salariés
Fonds de solidarité,VOLET1,1644,2454416.00,93,Provence-Alpes-Côte d'Azur,84,Vaucluse,02,3 à 5 salariés
Fonds de solidarité,VOLET1,356,532957.00,93,Provence-Alpes-Côte d'Azur,84,Vaucluse,03,6 à 9 salariés
Fonds de solidarité,VOLET1,74,111000.00,93,Provence-Alpes-Côte d'Azur,84,Vaucluse,11,10 à 19 salariés
Fonds de solidarité,VOLET1,5,7500.00,93,Provence-Alpes-Côte d'Azur,84,Vaucluse,12,20 à 49 salariés
Fonds de solidarité,VOLET1,1941,2600900.00,93,Provence-Alpes-Côte d'Azur,84,Vaucluse,NN,Etablissement non employeur
Fonds de solidarité,VOLET1,2093,3071963.00,11,Île-de-France,91,Essonne,00,0 salarié
Fonds de solidarité,VOLET1,6387,9489965.00,11,Île-de-France,91,Essonne,01,1 ou 2 salariés
Fonds de solidarité,VOLET1,2504,3743159.00,11,Île-de-France,91,Essonne,02,3 à 5 salariés
Fonds de solidarité,VOLET1,710,1062810.00,11,Île-de-France,91,Essonne,03,6 à 9 salariés
Fonds de solidarité,VOLET1,104,155801.00,11,Île-de-France,91,Essonne,11,10 à 19 salariés
Fonds de solidarité,VOLET1,10,15000.00,11,Île-de-France,91,Essonne,12,20 à 49 salariés
Fonds de solidarité,VOLET1,2058,2891968.00,11,Île-de-France,91,Essonne,NN,Etablissement non employeur
Fonds de solidarité,VOLET1,3508,5155438.00,11,Île-de-France,92,Hauts-de-Seine,00,0 salarié
Fonds de solidarité,VOLET1,9135,13529457.00,11,Île-de-France,92,Hauts-de-Seine,01,1 ou 2 salariés
Fonds de solidarité,VOLET1,4224,6320341.00,11,Île-de-France,92,Hauts-de-Seine,02,3 à 5 salariés
Fonds de solidarité,VOLET1,1258,1883554.00,11,Île-de-France,92,Hauts-de-Seine,03,6 à 9 salariés
Fonds de solidarité,VOLET1,243,364500.00,11,Île-de-France,92,Hauts-de-Seine,11,10 à 19 salariés
Fonds de solidarité,VOLET1,13,19500.00,11,Île-de-France,92,Hauts-de-Seine,12,20 à 49 salariés
Fonds de solidarité,VOLET1,3189,4478879.00,11,Île-de-France,92,Hauts-de-Seine,NN,Etablissement non employeur
Fonds de solidarité,VOLET1,10068,14726172.00,11,Île-de-France,75,Paris,00,0 salarié
Fonds de solidarité,VOLET1,29341,43506873.00,11,Île-de-France,75,Paris,01,1 ou 2 salariés
Fonds de solidarité,VOLET1,13771,20613857.00,11,Île-de-France,75,Paris,02,3 à 5 salariés
Fonds de solidarité,VOLET1,4816,7216684.00,11,Île-de-France,75,Paris,03,6 à 9 salariés
Fonds de solidarité,VOLET1,1025,1537250.00,11,Île-de-France,75,Paris,11,10 à 19 salariés
Fonds de solidarité,VOLET1,50,75000.00,11,Île-de-France,75,Paris,12,20 à 49 salariés
Fonds de solidarité,VOLET1,4,6000.00,11,Île-de-France,75,Paris,21,50 à 99 salariés
Fonds de solidarité,VOLET1,9773,13676698.00,11,Île-de-France,75,Paris,NN,Etablissement non employeur
Fonds de solidarité,VOLET1,2809,4107828.00,11,Île-de-France,93,Seine-Saint-Denis,00,0 salarié
Fonds de solidarité,VOLET1,10607,15711270.00,11,Île-de-France,93,Seine-Saint-Denis,01,1 ou 2 salariés
Fonds de solidarité,VOLET1,5119,7644482.00,11,Île-de-France,93,Seine-Saint-Denis,02,3 à 5 salariés
Fonds de solidarité,VOLET1,1463,2191984.00,11,Île-de-France,93,Seine-Saint-Denis,03,6 à 9 salariés
Fonds de solidarité,VOLET1,313,468201.00,11,Île-de-France,93,Seine-Saint-Denis,11,10 à 19 salariés
Fonds de solidarité,VOLET1,17,25500.00,11,Île-de-France,93,Seine-Saint-Denis,12,20 à 49 salariés
Fonds de solidarité,VOLET1,2967,4137627.00,11,Île-de-France,93,Seine-Saint-Denis,NN,Etablissement non employeur
Fonds de solidarité,VOLET1,2599,3801432.00,11,Île-de-France,77,Seine-et-Marne,00,0 salarié
Fonds de solidarité,VOLET1,7711,11423962.00,11,Île-de-France,77,Seine-et-Marne,01,1 ou 2 salariés
Fonds de solidarité,VOLET1,2984,4451632.00,11,Île-de-France,77,Seine-et-Marne,02,3 à 5 salariés
Fonds de solidarité,VOLET1,865,1296000.00,11,Île-de-France,77,Seine-et-Marne,03,6 à 9 salariés
Fonds de solidarité,VOLET1,143,214500.00,11,Île-de-France,77,Seine-et-Marne,11,10 à 19 salariés
Fonds de solidarité,VOLET1,3,4500.00,11,Île-de-France,77,Seine-et-Marne,12,20 à 49 salariés
Fonds de solidarité,VOLET1,2479,3445198.00,11,Île-de-France,77,Seine-et-Marne,NN,Etablissement non employeur
Fonds de solidarité,VOLET1,2070,3045852.00,11,Île-de-France,95,Val-d'Oise,00,0 salarié
Fonds de solidarité,VOLET1,6860,10171205.00,11,Île-de-France,95,Val-d'Oise,01,1 ou 2 salariés
Fonds de solidarité,VOLET1,2915,4355414.00,11,Île-de-France,95,Val-d'Oise,02,3 à 5 salariés
Fonds de solidarité,VOLET1,801,1199444.00,11,Île-de-France,95,Val-d'Oise,03,6 à 9 salariés
Fonds de solidarité,VOLET1,160,237900.00,11,Île-de-France,95,Val-d'Oise,11,10 à 19 salariés
Fonds de solidarité,VOLET1,11,16500.00,11,Île-de-France,95,Val-d'Oise,12,20 à 49 salariés
Fonds de solidarité,VOLET1,2178,3030171.00,11,Île-de-France,95,Val-d'Oise,NN,Etablissement non employeur
Fonds de solidarité,VOLET1,2678,3939332.00,11,Île-de-France,94,Val-de-Marne,00,0 salarié
Fonds de solidarité,VOLET1,8158,12088560.00,11,Île-de-France,94,Val-de-Marne,01,1 ou 2 salariés
Fonds de solidarité,VOLET1,3446,5151070.00,11,Île-de-France,94,Val-de-Marne,02,3 à 5 salariés
Fonds de solidarité,VOLET1,966,1445106.00,11,Île-de-France,94,Val-de-Marne,03,6 à 9 salariés
Fonds de solidarité,VOLET1,195,292500.00,11,Île-de-France,94,Val-de-Marne,11,10 à 19 salariés
Fonds de solidarité,VOLET1,8,12000.00,11,Île-de-France,94,Val-de-Marne,12,20 à 49 salariés
Fonds de solidarité,VOLET1,2811,3951590.00,11,Île-de-France,94,Val-de-Marne,NN,Etablissement non employeur
Fonds de solidarité,VOLET1,2492,3661303.00,11,Île-de-France,78,Yvelines,00,0 salarié
Fonds de solidarité,VOLET1,7089,10496839.00,11,Île-de-France,78,Yvelines,01,1 ou 2 salariés
Fonds de solidarité,VOLET1,2745,4104465.00,11,Île-de-France,78,Yvelines,02,3 à 5 salariés
Fonds de solidarité,VOLET1,847,1270183.00,11,Île-de-France,78,Yvelines,03,6 à 9 salariés
Fonds de solidarité,VOLET1,157,234950.00,11,Île-de-France,78,Yvelines,11,10 à 19 salariés
Fonds de solidarité,VOLET1,11,15712.00,11,Île-de-France,78,Yvelines,12,20 à 49 salariés
Fonds de solidarité,VOLET1,2489,3455546.00,11,Île-de-France,78,Yvelines,NN,Etablissement non employeur
